temperature,humidity,irrigation,soiltype,Season,label
20.87974371,82.00274423,3,2,2,rice
21.77046169,80.31964408,3,2,2,rice
23.00445915,82.3207629,3,2,2,rice
26.49109635,80.15836264,3,2,2,rice
20.13017482,81.60487287,3,2,2,rice
23.05804872,83.37011772,3,2,2,rice
22.70883798,82.63941394,3,2,2,rice
20.27774362,82.89408619,3,2,2,rice
24.51588066,83.5352163,3,2,2,rice
23.22397386,83.03322691,3,2,2,rice
26.52723513,81.41753846,3,2,2,rice
23.97898217,81.45061596,3,2,2,rice
26.80079604,80.88684822,3,2,2,rice
24.01497622,82.05687182,3,2,2,rice
25.66585205,80.66385045,3,2,2,rice
24.28209415,80.30025587,3,2,2,rice
21.58711777,82.7883708,3,2,2,rice
23.79391957,80.41817957,3,2,2,rice
21.8652524,80.1923008,3,2,2,rice
23.57943626,83.58760316,3,2,2,rice
21.32504158,80.47476396,3,2,2,rice
25.15745531,83.11713476,3,2,2,rice
21.94766735,80.97384195,3,2,2,rice
21.0525355,82.67839517,3,2,2,rice
23.48381344,81.33265073,3,2,2,rice
25.0756354,80.52389148,3,2,2,rice
26.35927159,84.04403589,3,2,2,rice
24.52922681,80.54498576,3,2,2,rice
20.77576147,84.49774397,3,2,2,rice
22.30157427,80.64416466,3,2,2,rice
21.44653958,84.94375962,3,2,2,rice
22.17931888,80.33127223,3,2,2,rice
24.52783742,82.73685569,3,2,2,rice
20.26707606,81.63895217,3,2,2,rice
25.7354293,83.88266234,3,2,2,rice
26.79533926,82.1480873,3,2,2,rice
26.75754171,81.17734011,3,2,2,rice
23.86330467,83.15250801,3,2,2,rice
21.01944696,82.95221726,3,2,2,rice
24.17298839,83.7287574,3,2,2,rice
22.78133816,82.06719137,3,2,2,rice
25.62980105,83.52842314,3,2,2,rice
25.59704938,80.14509262,3,2,2,rice
23.83067496,84.81360127,3,2,2,rice
26.31355498,82.36698992,3,2,2,rice
24.8972823,80.52586088,3,2,2,rice
24.958779,84.47963372,3,2,2,rice
23.24113501,84.59201843,3,2,2,rice
21.66628296,80.70960551,3,2,2,rice
24.63544858,80.41363018,3,2,2,rice
23.43121862,83.06310136,3,2,2,rice
20.0454142,80.3477562,3,2,2,rice
23.85724032,82.22572988,3,2,2,rice
21.97199397,81.89918197,3,2,2,rice
26.22916897,83.83625819,3,2,2,rice
23.44676801,84.79352417,3,2,2,rice
25.65553461,83.47021081,3,2,2,rice
24.44345477,82.45432595,3,2,2,rice
20.2801937,82.1235421,3,2,2,rice
21.7238313,80.2389895,3,2,2,rice
20.41447029,82.20802629,3,2,2,rice
25.75528612,83.51827127,3,2,2,rice
20.61521424,83.77345559,3,2,2,rice
21.84106875,80.72886384,3,2,2,rice
20.08369642,83.29114712,3,2,2,rice
24.45802087,82.74835604,3,2,2,rice
21.14347496,80.33502926,3,2,2,rice
25.78720567,82.11124033,3,2,2,rice
23.64124821,80.28597873,3,2,2,rice
23.43191632,80.56887849,3,2,2,rice
24.97669518,83.891805,3,2,2,rice
22.72791041,82.1706881,3,2,2,rice
24.87300744,82.84022551,3,2,2,rice
21.32376327,83.00320459,3,2,2,rice
26.29465461,84.56919326,3,2,2,rice
22.2286982,81.85872947,3,2,2,rice
26.73072391,81.78596776,3,2,2,rice
24.88921174,81.97927117,3,2,2,rice
26.88444878,81.46033732,3,2,2,rice
22.67846116,83.72874389,3,2,2,rice
26.08867875,80.37979919,3,2,2,rice
25.42977518,82.94682591,3,2,2,rice
26.40323239,81.05635517,3,2,2,rice
26.04371967,84.96907151,3,2,2,rice
25.2827223,80.54372813,3,2,2,rice
22.08576562,83.47038318,3,2,2,rice
23.28617173,81.43321641,3,2,2,rice
25.48591986,81.40633547,3,2,2,rice
23.67575393,81.03569343,3,2,2,rice
20.82477109,84.1341879,3,2,2,rice
26.92995077,81.91411159,3,2,2,rice
23.83509503,83.88387074,3,2,2,rice
26.52872817,80.12267476,3,2,2,rice
26.46428311,83.85642678,3,2,2,rice
22.69657794,82.81088865,3,2,2,rice
22.68319059,83.46358271,3,2,2,rice
21.53346343,82.14004101,3,2,2,rice
21.40865769,83.3293191,3,2,2,rice
26.54348085,84.67353597,3,2,2,rice
23.35905428,83.59512273,3,2,2,rice
22.61359953,63.69070564,2,3,2,maize
26.10018422,71.57476937,2,3,2,maize
23.55882094,71.59351368,2,3,2,maize
19.97215954,57.68272924,2,3,2,maize
18.47891261,62.69503871,2,3,2,maize
21.77689322,57.80840636,2,3,2,maize
25.6217169,66.50415474,2,3,2,maize
25.19192419,66.6902901,2,3,2,maize
20.41683147,62.5542482,2,3,2,maize
24.92162194,66.78627406,2,3,2,maize
23.31689124,73.4541537,2,3,2,maize
24.84016732,68.3584573,2,3,2,maize
22.27526694,58.84015925,2,3,2,maize
18.87751445,65.76816093,2,3,2,maize
25.19008683,60.2001687,2,3,2,maize
18.25405352,55.28220433,2,3,2,maize
24.6129118,70.4162444,2,3,2,maize
25.1420613,65.26185135,2,3,2,maize
23.09348056,60.1159381,2,3,2,maize
18.05033737,62.89366992,2,3,2,maize
24.9321581,73.80435276,2,3,2,maize
18.14710054,71.09445342,2,3,2,maize
18.28362235,66.65952796,2,3,2,maize
18.83344471,58.75082029,2,3,2,maize
25.71895816,67.22190688,2,3,2,maize
25.33797709,68.49835977,2,3,2,maize
23.89114571,57.48775781,2,3,2,maize
21.53574127,71.50905983,2,3,2,maize
23.08974909,63.10459626,2,3,2,maize
25.61707368,63.4711755,2,3,2,maize
21.44526922,63.1621551,2,3,2,maize
18.51816776,55.53128131,2,3,2,maize
22.53510514,67.99257471,2,3,2,maize
23.02038334,61.89472002,2,3,2,maize
24.89364635,65.61418761,2,3,2,maize
25.77175115,74.089114,2,3,2,maize
19.39851734,62.35750641,2,3,2,maize
21.54156232,59.64024162,2,3,2,maize
23.79746068,74.82913698,2,3,2,maize
18.9802729,74.52600826,2,3,2,maize
24.10859207,73.13112261,2,3,2,maize
24.7947077,70.04556743,2,3,2,maize
21.63162756,60.27766379,2,3,2,maize
25.37548751,57.21025565,2,3,2,maize
22.21738222,72.85462807,2,3,2,maize
20.58314011,69.00128641,2,3,2,maize
24.87502824,68.74248334,2,3,2,maize
20.03728219,56.35606753,2,3,2,maize
25.95263264,61.89082199,2,3,2,maize
19.28889933,65.47050802,2,3,2,maize
20.57981887,65.34583901,2,3,2,maize
24.71417533,56.73426469,2,3,2,maize
20.27317074,63.91281869,2,3,2,maize
18.41932981,64.23580251,2,3,2,maize
23.39128187,61.74427165,2,3,2,maize
19.84939404,61.24500053,2,3,2,maize
21.869274,61.91044947,2,3,2,maize
22.8056033,56.50768935,2,3,2,maize
19.0781471,69.02298571,2,3,2,maize
22.02720976,65.35549924,2,3,2,maize
23.80546189,59.24537979,2,3,2,maize
18.52510753,69.0276233,2,3,2,maize
23.50297882,61.32026065,2,3,2,maize
26.54986394,72.89187265,2,3,2,maize
19.29563411,69.63481219,2,3,2,maize
20.68899915,59.4375337,2,3,2,maize
19.32666088,68.034493,2,3,2,maize
24.60532218,73.58868502,2,3,2,maize
22.27373646,59.52193158,2,3,2,maize
25.70196694,61.33450447,2,3,2,maize
19.20129357,68.30578978,2,3,2,maize
21.70181447,60.47470519,2,3,2,maize
20.51716779,59.21235483,2,3,2,maize
23.30355338,73.62548442,2,3,2,maize
24.2547451,55.64709899,2,3,2,maize
24.86374934,65.7420046,2,3,2,maize
22.6265115,65.77472881,2,3,2,maize
18.04185513,60.61494304,2,3,2,maize
23.26237612,72.33125523,2,3,2,maize
22.88330922,71.59722446,2,3,2,maize
25.97482359,69.36385721,2,3,2,maize
26.14384005,66.20569924,2,3,2,maize
18.66116213,61.55327249,2,3,2,maize
25.10787449,55.97732754,2,3,2,maize
23.33844615,59.24580604,2,3,2,maize
25.08239719,65.92195844,2,3,2,maize
25.36768364,72.52054555,2,3,2,maize
25.34217103,63.31801994,2,3,2,maize
25.00933355,67.816568,2,3,2,maize
18.66746724,71.516474,2,3,2,maize
20.37999665,63.73849998,2,3,2,maize
18.09300227,72.61024172,2,3,2,maize
26.16985907,71.96246617,2,3,2,maize
18.65396672,61.37879671,2,3,2,maize
26.07470121,59.37147589,2,3,2,maize
18.92851916,72.80086137,2,3,2,maize
23.30546753,63.24648023,2,3,2,maize
18.74826712,62.49878458,2,3,2,maize
19.74213321,59.66263104,2,3,2,maize
25.73044432,70.74739256,2,3,2,maize
17.02498456,16.98861173,1,2,1,chickpea
19.02061277,17.13159126,1,2,1,chickpea
17.88776475,15.40589717,1,2,1,chickpea
18.86805647,15.65809214,1,2,1,chickpea
18.36952567,19.56381041,1,2,1,chickpea
20.45078582,15.40312102,1,2,1,chickpea
20.6543203,16.60820843,1,2,1,chickpea
17.3348681,18.74926979,1,2,1,chickpea
18.17912258,18.90426935,1,2,1,chickpea
18.01272266,18.30968112,1,2,1,chickpea
20.99373558,19.33470387,1,2,1,chickpea
19.46233971,15.22538951,1,2,1,chickpea
19.81344531,14.69765308,1,2,1,chickpea
18.97424756,19.5161216,1,2,1,chickpea
18.19737048,14.71070537,1,2,1,chickpea
18.72963144,19.18197264,1,2,1,chickpea
20.99502153,19.8601304,1,2,1,chickpea
20.28155898,16.39535215,1,2,1,chickpea
17.48042641,15.7559405,1,2,1,chickpea
20.88818675,14.32313811,1,2,1,chickpea
17.08498521,16.14565756,1,2,1,chickpea
20.09340593,15.11279612,1,2,1,chickpea
17.57212145,14.99927489,1,2,1,chickpea
19.12065218,18.43475844,1,2,1,chickpea
18.57665902,19.22008229,1,2,1,chickpea
17.16606398,14.42457525,1,2,1,chickpea
18.2872007,16.67921616,1,2,1,chickpea
19.03025305,18.66725565,1,2,1,chickpea
17.1418614,17.0662427,1,2,1,chickpea
17.47809436,17.93253975,1,2,1,chickpea
20.56601874,14.25803981,1,2,1,chickpea
17.22385224,15.82069268,1,2,1,chickpea
19.69141713,19.44225438,1,2,1,chickpea
17.84851658,19.09172907,1,2,1,chickpea
18.8202251,16.1074793,1,2,1,chickpea
17.47500984,16.54314829,1,2,1,chickpea
18.72649425,17.58406365,1,2,1,chickpea
18.65580107,16.17772668,1,2,1,chickpea
18.2356751,19.68538502,1,2,1,chickpea
18.81198127,15.21618225,1,2,1,chickpea
18.65054116,17.80852431,1,2,1,chickpea
20.36720401,16.89574311,1,2,1,chickpea
18.38120357,16.63805158,1,2,1,chickpea
17.17012591,17.30457712,1,2,1,chickpea
19.37101121,15.77458129,1,2,1,chickpea
17.92845928,14.27327988,1,2,1,chickpea
19.45339934,18.23490739,1,2,1,chickpea
19.12829388,14.92241479,1,2,1,chickpea
19.1034283,17.26184541,1,2,1,chickpea
17.48504075,16.96070581,1,2,1,chickpea
19.40751744,18.98030507,1,2,1,chickpea
20.18649426,19.63719995,1,2,1,chickpea
17.30287885,15.15405941,1,2,1,chickpea
17.50361137,15.48083156,1,2,1,chickpea
18.17234999,14.70085967,1,2,1,chickpea
17.57445618,16.71826572,1,2,1,chickpea
20.93175255,18.91295403,1,2,1,chickpea
19.71098332,17.63879418,1,2,1,chickpea
19.07937684,17.86754927,1,2,1,chickpea
18.54988627,16.02542689,1,2,1,chickpea
18.19903647,17.41333199,1,2,1,chickpea
18.88852533,14.99451145,1,2,1,chickpea
18.49311205,14.72115044,1,2,1,chickpea
19.48974337,17.17260319,1,2,1,chickpea
17.25769499,18.74943955,1,2,1,chickpea
19.62416326,18.71483156,1,2,1,chickpea
20.67526473,19.85388984,1,2,1,chickpea
20.02381489,16.63294455,1,2,1,chickpea
20.1187446,14.44228303,1,2,1,chickpea
20.65691793,15.84572566,1,2,1,chickpea
19.2582557,14.2804191,1,2,1,chickpea
17.927806,15.85622899,1,2,1,chickpea
19.16288268,15.83500655,1,2,1,chickpea
20.26942271,19.96978871,1,2,1,chickpea
17.09104223,18.25142068,1,2,1,chickpea
17.06579293,17.54024066,1,2,1,chickpea
20.62767492,14.44008871,1,2,1,chickpea
20.8248451,17.85057083,1,2,1,chickpea
19.46210401,18.72831993,1,2,1,chickpea
17.18248372,16.42891834,1,2,1,chickpea
17.48911699,16.39055394,1,2,1,chickpea
17.48395377,14.76014523,1,2,1,chickpea
19.48316794,17.44534641,1,2,1,chickpea
19.71359733,18.09665739,1,2,1,chickpea
19.48649305,16.06240074,1,2,1,chickpea
19.95264829,14.82633099,1,2,1,chickpea
19.41789736,16.80472243,1,2,1,chickpea
19.45591848,18.02235902,1,2,1,chickpea
20.19137759,16.41998269,1,2,1,chickpea
18.8392908,14.74071856,1,2,1,chickpea
20.71219282,19.83643308,1,2,1,chickpea
18.99424448,15.9362937,1,2,1,chickpea
19.96837462,15.57324389,1,2,1,chickpea
17.81564548,17.60756635,1,2,1,chickpea
20.71424384,15.27824066,1,2,1,chickpea
17.34150229,18.75626255,1,2,1,chickpea
17.43732714,14.33847406,1,2,1,chickpea
18.89780215,19.76182946,1,2,1,chickpea
18.59190771,14.77959596,1,2,1,chickpea
18.31561493,15.36143547,1,2,1,chickpea
17.13692774,20.59541693,2,3,1,kidneybeans
19.63474332,18.90705639,2,3,1,kidneybeans
22.91350245,21.33953114,2,3,1,kidneybeans
16.43340342,24.24045875,2,3,1,kidneybeans
22.13974653,23.02251117,2,3,1,kidneybeans
17.84806561,18.77621951,2,3,1,kidneybeans
19.88394011,20.31564139,2,3,1,kidneybeans
19.32509638,23.3334788,2,3,1,kidneybeans
18.4167001,23.42829938,2,3,1,kidneybeans
21.81167649,23.20591245,2,3,1,kidneybeans
19.72702528,18.28173015,2,3,1,kidneybeans
17.15432954,19.87070659,2,3,1,kidneybeans
19.62207826,18.67170854,2,3,1,kidneybeans
21.63149148,21.17919701,2,3,1,kidneybeans
16.06522754,18.72479695,2,3,1,kidneybeans
20.61162204,24.36314135,2,3,1,kidneybeans
21.42451099,20.39659714,2,3,1,kidneybeans
19.07096165,21.21092266,2,3,1,kidneybeans
21.18853178,19.63438599,2,3,1,kidneybeans
23.0429097,22.42610972,2,3,1,kidneybeans
20.65375833,23.10538637,2,3,1,kidneybeans
18.09551014,18.29318436,2,3,1,kidneybeans
18.23775702,21.07643273,2,3,1,kidneybeans
17.48189735,18.8251973,2,3,1,kidneybeans
19.9191786,21.47324158,2,3,1,kidneybeans
20.27514686,23.2353604,2,3,1,kidneybeans
15.77370214,19.2303162,2,3,1,kidneybeans
16.71170642,19.17651433,2,3,1,kidneybeans
17.66148158,18.15302753,2,3,1,kidneybeans
18.50692825,23.61670065,2,3,1,kidneybeans
24.51324787,20.81527638,2,3,1,kidneybeans
18.87614998,24.54038287,2,3,1,kidneybeans
21.59343016,20.31871249,2,3,1,kidneybeans
20.12373284,24.45202552,2,3,1,kidneybeans
15.43546065,18.37477907,2,3,1,kidneybeans
22.64236876,21.59396123,2,3,1,kidneybeans
21.98560799,24.87304788,2,3,1,kidneybeans
20.53052663,18.09224048,2,3,1,kidneybeans
15.78601387,21.14544088,2,3,1,kidneybeans
19.6365349,19.68751084,2,3,1,kidneybeans
20.57341244,19.7520218,2,3,1,kidneybeans
20.16080524,24.84207559,2,3,1,kidneybeans
21.53989176,24.25386207,2,3,1,kidneybeans
15.53834801,23.75560241,2,3,1,kidneybeans
19.91853092,20.70099804,2,3,1,kidneybeans
20.76952209,18.93146941,2,3,1,kidneybeans
23.46168338,23.22197648,2,3,1,kidneybeans
24.32116642,21.0278674,2,3,1,kidneybeans
20.12574053,24.96969858,2,3,1,kidneybeans
21.80619564,18.57086554,2,3,1,kidneybeans
19.52226241,24.92607153,2,3,1,kidneybeans
17.00067625,19.90790546,2,3,1,kidneybeans
16.78791503,24.96881755,2,3,1,kidneybeans
24.84906168,22.89464642,2,3,1,kidneybeans
16.51783455,20.4555596,2,3,1,kidneybeans
18.15300153,19.38602098,2,3,1,kidneybeans
23.18864385,22.3104551,2,3,1,kidneybeans
23.38002569,21.98879437,2,3,1,kidneybeans
18.358923,19.37703396,2,3,1,kidneybeans
19.25975367,20.51346956,2,3,1,kidneybeans
22.95458237,24.03553105,2,3,1,kidneybeans
20.120043,22.89845607,2,3,1,kidneybeans
21.14011423,22.7182355,2,3,1,kidneybeans
24.92360104,18.22590825,2,3,1,kidneybeans
15.33042636,24.91506728,2,3,1,kidneybeans
18.81097271,21.27833035,2,3,1,kidneybeans
23.44260668,22.77255917,2,3,1,kidneybeans
22.8352024,18.97267518,2,3,1,kidneybeans
24.9035819,22.27512704,2,3,1,kidneybeans
23.78709569,24.35679348,2,3,1,kidneybeans
22.05592283,19.60379304,2,3,1,kidneybeans
18.87492997,20.18238348,2,3,1,kidneybeans
18.62328774,23.02410338,2,3,1,kidneybeans
23.00884744,18.86880997,2,3,1,kidneybeans
19.33162606,24.13995025,2,3,1,kidneybeans
16.24469193,21.35793891,2,3,1,kidneybeans
17.91652287,24.90814655,2,3,1,kidneybeans
15.46789263,21.43780702,2,3,1,kidneybeans
17.06104474,23.77201471,2,3,1,kidneybeans
21.32776028,18.48522915,2,3,1,kidneybeans
23.90910104,20.74619325,2,3,1,kidneybeans
23.89756791,22.74378977,2,3,1,kidneybeans
22.98666928,20.57940608,2,3,1,kidneybeans
21.35135729,22.91244883,2,3,1,kidneybeans
24.1638445,19.27907819,2,3,1,kidneybeans
24.62835037,18.18325169,2,3,1,kidneybeans
21.02213209,24.93896255,2,3,1,kidneybeans
17.30844532,20.01730914,2,3,1,kidneybeans
23.82576704,24.75485098,2,3,1,kidneybeans
19.30607278,23.96362799,2,3,1,kidneybeans
16.03768615,22.33195853,2,3,1,kidneybeans
19.18572809,20.83398341,2,3,1,kidneybeans
19.92889503,21.79992115,2,3,1,kidneybeans
19.56376468,24.67385131,2,3,1,kidneybeans
18.31357543,24.32991649,2,3,1,kidneybeans
20.10993761,23.22323766,2,3,1,kidneybeans
23.60506572,21.90539577,2,3,1,kidneybeans
19.73136909,24.89487354,2,3,1,kidneybeans
20.93409877,21.1893007,2,3,1,kidneybeans
18.78226261,20.24768314,2,3,1,kidneybeans
36.51268371,57.92887167,1,6,2,pigeonpeas
36.89163721,62.73178224,1,6,2,pigeonpeas
29.23540524,59.38967583,1,6,2,pigeonpeas
27.33534897,43.35795962,1,6,2,pigeonpeas
21.0643684,55.46985938,1,6,2,pigeonpeas
30.33276599,42.35249879,1,6,2,pigeonpeas
31.80130272,45.03186173,1,6,2,pigeonpeas
33.18184225,38.23184742,1,6,2,pigeonpeas
29.38538562,63.47742011,1,6,2,pigeonpeas
30.27374995,67.38680755,1,6,2,pigeonpeas
35.45790488,68.75810535,1,6,2,pigeonpeas
33.80020039,40.03262418,1,6,2,pigeonpeas
28.69180475,49.47225353,1,6,2,pigeonpeas
31.24021696,56.67369054,1,6,2,pigeonpeas
28.98039357,57.23265151,1,6,2,pigeonpeas
27.32198928,34.13737127,1,6,2,pigeonpeas
21.47607807,38.80023714,1,6,2,pigeonpeas
18.31910448,34.69776639,1,6,2,pigeonpeas
36.97794384,37.73992903,1,6,2,pigeonpeas
24.80467592,40.1242747,1,6,2,pigeonpeas
19.3479443,55.96805489,1,6,2,pigeonpeas
28.88302142,50.12323801,1,6,2,pigeonpeas
19.54314136,47.19188279,1,6,2,pigeonpeas
24.7741949,50.54621094,1,6,2,pigeonpeas
18.33124824,38.40975482,1,6,2,pigeonpeas
19.14729038,45.3733757,1,6,2,pigeonpeas
28.23416057,49.4421345,1,6,2,pigeonpeas
30.11812084,34.13307843,1,6,2,pigeonpeas
33.4126864,35.42910045,1,6,2,pigeonpeas
24.18553163,46.68746847,1,6,2,pigeonpeas
26.88630675,41.69617915,1,6,2,pigeonpeas
31.33170829,57.97429171,1,6,2,pigeonpeas
33.30711818,67.07780816,1,6,2,pigeonpeas
23.45379018,46.48714759,1,6,2,pigeonpeas
34.53823889,39.04468913,1,6,2,pigeonpeas
19.50112224,34.51086611,1,6,2,pigeonpeas
28.76794904,37.57792132,1,6,2,pigeonpeas
30.97758716,32.24914235,1,6,2,pigeonpeas
18.39759147,36.82639309,1,6,2,pigeonpeas
35.09357419,30.98685456,1,6,2,pigeonpeas
34.93174223,30.40046769,1,6,2,pigeonpeas
29.50523036,35.72032498,1,6,2,pigeonpeas
34.51934775,47.52980027,1,6,2,pigeonpeas
28.43430726,52.10010827,1,6,2,pigeonpeas
18.41645629,34.80541039,1,6,2,pigeonpeas
31.07508973,47.19847683,1,6,2,pigeonpeas
20.89342749,46.24856523,1,6,2,pigeonpeas
30.90607799,52.79913039,1,6,2,pigeonpeas
27.9348279,66.45457122,1,6,2,pigeonpeas
35.95176642,36.52780776,1,6,2,pigeonpeas
19.54317155,56.92831399,1,6,2,pigeonpeas
19.63736208,32.31528909,1,6,2,pigeonpeas
31.2192752,56.46868874,1,6,2,pigeonpeas
33.50876355,45.70976142,1,6,2,pigeonpeas
24.80710166,45.01110015,1,6,2,pigeonpeas
36.20970524,31.94550613,1,6,2,pigeonpeas
30.50420876,35.48885969,1,6,2,pigeonpeas
26.01630259,49.94704718,1,6,2,pigeonpeas
31.48469278,35.6395615,1,6,2,pigeonpeas
33.15122581,32.45974539,1,6,2,pigeonpeas
23.50222822,51.29019509,1,6,2,pigeonpeas
34.87248659,38.83786012,1,6,2,pigeonpeas
28.09269012,44.93322042,1,6,2,pigeonpeas
24.54757829,57.3414485,1,6,2,pigeonpeas
33.64769646,48.41490082,1,6,2,pigeonpeas
20.5591255,60.54880693,1,6,2,pigeonpeas
19.95991719,59.33157782,1,6,2,pigeonpeas
28.87667593,62.4901206,1,6,2,pigeonpeas
36.04353699,43.61444121,1,6,2,pigeonpeas
23.6734328,47.2879691,1,6,2,pigeonpeas
25.74679443,40.7192594,1,6,2,pigeonpeas
31.08564994,66.68832981,1,6,2,pigeonpeas
18.72987676,61.33186249,1,6,2,pigeonpeas
29.50304807,63.46513414,1,6,2,pigeonpeas
20.43517772,39.37252634,1,6,2,pigeonpeas
36.00415838,56.01334416,1,6,2,pigeonpeas
31.46846241,35.39454002,1,6,2,pigeonpeas
36.30049702,56.03021253,1,6,2,pigeonpeas
29.49096726,67.10604388,1,6,2,pigeonpeas
30.5753044,34.75591197,1,6,2,pigeonpeas
24.69487673,59.96669215,1,6,2,pigeonpeas
23.17409556,36.67847052,1,6,2,pigeonpeas
19.04380471,33.10695144,1,6,2,pigeonpeas
29.32379604,45.93248374,1,6,2,pigeonpeas
34.6455408,54.32342534,1,6,2,pigeonpeas
21.9989826,56.31006755,1,6,2,pigeonpeas
22.99774444,60.24218572,1,6,2,pigeonpeas
30.55992394,35.29006485,1,6,2,pigeonpeas
31.46417866,48.17631461,1,6,2,pigeonpeas
25.95058595,40.58227261,1,6,2,pigeonpeas
21.01142393,69.69141302,1,6,2,pigeonpeas
19.25100056,47.70351758,1,6,2,pigeonpeas
19.24462755,50.54495302,1,6,2,pigeonpeas
22.47253208,62.56532471,1,6,2,pigeonpeas
36.75087487,58.25799145,1,6,2,pigeonpeas
29.89286629,66.35375127,1,6,2,pigeonpeas
29.37735586,44.82294584,1,6,2,pigeonpeas
29.65052947,42.89833235,1,6,2,pigeonpeas
19.54284889,66.34777265,1,6,2,pigeonpeas
20.04611791,48.93905624,1,6,2,pigeonpeas
27.91095209,64.70930606,1,4,2,mothbeans
27.32220619,51.27868781,1,4,2,mothbeans
28.66024187,59.3189118,1,4,2,mothbeans
29.02955344,61.09387478,1,4,2,mothbeans
27.78031515,54.65030015,1,4,2,mothbeans
31.99928579,54.1077461,1,4,2,mothbeans
27.33580911,55.27755933,1,4,2,mothbeans
28.92952635,53.57014709,1,4,2,mothbeans
27.65472156,58.59986279,1,4,2,mothbeans
28.52396666,55.77264351,1,4,2,mothbeans
31.02215872,45.89239456,1,4,2,mothbeans
25.74095321,45.38497051,1,4,2,mothbeans
31.70447482,56.85420099,1,4,2,mothbeans
24.47876451,58.51663927,1,4,2,mothbeans
31.46511256,51.79939437,1,4,2,mothbeans
25.60973447,50.7330069,1,4,2,mothbeans
30.30260453,47.18283631,1,4,2,mothbeans
28.17489437,43.6672299,1,4,2,mothbeans
25.50634557,44.8302551,1,4,2,mothbeans
31.12896766,43.58788762,1,4,2,mothbeans
26.34043268,55.59160391,1,4,2,mothbeans
28.23494706,61.5620517,1,4,2,mothbeans
27.04453473,49.32609633,1,4,2,mothbeans
25.16125354,55.25435777,1,4,2,mothbeans
27.3179125,51.66921088,1,4,2,mothbeans
25.4123765,49.66474269,1,4,2,mothbeans
31.21629982,46.01868196,1,4,2,mothbeans
30.573999,58.22686794,1,4,2,mothbeans
25.42517036,53.2208266,1,4,2,mothbeans
27.09400578,43.65305437,1,4,2,mothbeans
24.30935081,56.32938343,1,4,2,mothbeans
30.06142622,45.90067655,1,4,2,mothbeans
28.09568993,60.9835384,1,4,2,mothbeans
26.33908791,40.00933429,1,4,2,mothbeans
28.61409059,57.14218792,1,4,2,mothbeans
28.70012137,44.359648,1,4,2,mothbeans
24.21610338,59.79236306,1,4,2,mothbeans
28.50677929,45.20094476,1,4,2,mothbeans
25.97948991,64.95585424,1,4,2,mothbeans
30.88482722,41.36561835,1,4,2,mothbeans
25.5042419,61.66852372,1,4,2,mothbeans
25.12528913,51.33189406,1,4,2,mothbeans
27.10508014,63.56791363,1,4,2,mothbeans
31.1006247,44.82069159,1,4,2,mothbeans
26.45707778,56.40226277,1,4,2,mothbeans
30.04132304,63.56222995,1,4,2,mothbeans
27.77799528,54.82130787,1,4,2,mothbeans
30.99256944,43.02151392,1,4,2,mothbeans
26.4908332,47.36534833,1,4,2,mothbeans
31.96987867,57.17377029,1,4,2,mothbeans
25.36140526,46.82652785,1,4,2,mothbeans
25.54249137,56.96640758,1,4,2,mothbeans
28.99319096,62.85948245,1,4,2,mothbeans
29.34317422,60.50320928,1,4,2,mothbeans
28.63618921,61.39451307,1,4,2,mothbeans
24.83206631,44.17085032,1,4,2,mothbeans
25.44689075,58.55363573,1,4,2,mothbeans
31.01274943,62.40392519,1,4,2,mothbeans
27.06179658,52.3003173,1,4,2,mothbeans
27.0956288,42.26206161,1,4,2,mothbeans
28.56800579,57.30636014,1,4,2,mothbeans
28.79929247,49.84213387,1,4,2,mothbeans
27.94293692,45.41393636,1,4,2,mothbeans
30.47757686,61.58245338,1,4,2,mothbeans
30.58139475,50.77148138,1,4,2,mothbeans
26.85911286,41.81420849,1,4,2,mothbeans
26.31051759,61.18749126,1,4,2,mothbeans
28.77833449,44.2252605,1,4,2,mothbeans
28.90245417,43.35365671,1,4,2,mothbeans
29.37687468,57.69622912,1,4,2,mothbeans
24.17093241,58.25204566,1,4,2,mothbeans
26.65333029,59.79023382,1,4,2,mothbeans
28.19912143,53.50567601,1,4,2,mothbeans
28.76488954,52.62741529,1,4,2,mothbeans
29.3499706,61.25353851,1,4,2,mothbeans
28.00937423,52.60950014,1,4,2,mothbeans
26.85851927,48.8246387,1,4,2,mothbeans
31.2123945,40.92604945,1,4,2,mothbeans
24.20422636,61.43378674,1,4,2,mothbeans
29.98835437,49.60384796,1,4,2,mothbeans
29.93964907,54.61813464,1,4,2,mothbeans
31.2119298,41.55934359,1,4,2,mothbeans
26.80474415,48.23991436,1,4,2,mothbeans
31.49398069,62.84916863,1,4,2,mothbeans
30.99694676,46.42693735,1,4,2,mothbeans
29.61253065,63.04749127,1,4,2,mothbeans
29.97604322,57.03184356,1,4,2,mothbeans
30.88883074,52.62696801,1,4,2,mothbeans
30.39321309,60.16299493,1,4,2,mothbeans
30.43683729,55.20522037,1,4,2,mothbeans
25.32688786,63.18180319,1,4,2,mothbeans
30.53684308,59.96664731,1,4,2,mothbeans
30.38257873,40.5926071,1,4,2,mothbeans
24.01825377,53.76623369,1,4,2,mothbeans
28.69841277,61.14754363,1,4,2,mothbeans
29.33743412,49.00323081,1,4,2,mothbeans
27.96583691,61.34900107,1,4,2,mothbeans
24.86803974,48.27531965,1,4,2,mothbeans
25.87682261,45.96341933,1,4,2,mothbeans
31.01963639,49.9767522,1,4,2,mothbeans
27.43329405,87.80507732,1,3,3,mungbean
28.3340432,80.77275974,1,3,3,mungbean
27.01470397,84.34262707,1,3,3,mungbean
28.17432665,81.04554836,1,3,3,mungbean
29.87888063,87.32761241,1,3,3,mungbean
29.89232778,89.71503316,1,3,3,mungbean
28.56212158,83.24855855,1,3,3,mungbean
27.53592929,85.5701901,1,3,3,mungbean
29.68361658,87.93598094,1,3,3,mungbean
28.14448546,82.1193047,1,3,3,mungbean
29.53037621,86.73346018,1,3,3,mungbean
27.88352946,86.45147631,1,3,3,mungbean
28.22471276,82.35916228,1,3,3,mungbean
29.008124,84.96089355,1,3,3,mungbean
29.75538903,86.45193297,1,3,3,mungbean
29.78416743,85.16906976,1,3,3,mungbean
27.8640132,80.4513142,1,3,3,mungbean
27.11026483,84.96771717,1,3,3,mungbean
27.11030369,83.64274107,1,3,3,mungbean
28.95451232,89.07866095,1,3,3,mungbean
29.21780035,87.93724219,1,3,3,mungbean
28.7420098,85.81675947,1,3,3,mungbean
29.65021184,80.29868321,1,3,3,mungbean
27.23924995,86.404241,1,3,3,mungbean
28.95172351,81.67085323,1,3,3,mungbean
28.18837136,82.60629652,1,3,3,mungbean
28.30041493,86.20681554,1,3,3,mungbean
27.89636126,88.71782287,1,3,3,mungbean
28.6899851,87.50436797,1,3,3,mungbean
27.8262623,88.73100226,1,3,3,mungbean
28.70562673,81.59200689,1,3,3,mungbean
28.6362812,84.61431076,1,3,3,mungbean
28.28511547,88.4393979,1,3,3,mungbean
27.60887393,86.13316408,1,3,3,mungbean
28.60901145,86.99495766,1,3,3,mungbean
29.24598976,84.80084105,1,3,3,mungbean
28.62911222,89.1148059,1,3,3,mungbean
29.57329479,88.07505524,1,3,3,mungbean
27.82684262,87.16679147,1,3,3,mungbean
29.8757015,83.14796296,1,3,3,mungbean
27.33684386,88.50229102,1,3,3,mungbean
29.83040388,89.30428305,1,3,3,mungbean
28.2753171,82.76020821,1,3,3,mungbean
29.86860065,85.99127934,1,3,3,mungbean
29.5888162,89.9939693,1,3,3,mungbean
28.07219563,82.9116472,1,3,3,mungbean
27.84026517,89.99615558,1,3,3,mungbean
27.10818093,87.4512669,1,3,3,mungbean
27.68515114,81.94268594,1,3,3,mungbean
29.34594634,85.60472562,1,3,3,mungbean
28.36319404,84.8593608,1,3,3,mungbean
27.65280218,89.80650642,1,3,3,mungbean
27.31372793,85.44815232,1,3,3,mungbean
27.06909959,86.89934108,1,3,3,mungbean
28.06642822,85.91625451,1,3,3,mungbean
27.73329078,81.13903037,1,3,3,mungbean
27.53632932,89.92908171,1,3,3,mungbean
29.66461594,84.28187572,1,3,3,mungbean
29.9145443,85.85384444,1,3,3,mungbean
28.36363858,87.59810657,1,3,3,mungbean
29.46416042,87.60890009,1,3,3,mungbean
29.73013036,82.89166381,1,3,3,mungbean
27.46852989,87.17649,1,3,3,mungbean
27.77076285,87.09979549,1,3,3,mungbean
29.12939524,88.48312598,1,3,3,mungbean
27.10606808,89.89593328,1,3,3,mungbean
28.88078945,86.94206817,1,3,3,mungbean
28.14720892,83.8001509,1,3,3,mungbean
29.89129144,80.14487166,1,3,3,mungbean
27.41503453,80.98004661,1,3,3,mungbean
29.27308605,89.4875022,1,3,3,mungbean
29.65296893,88.48587386,1,3,3,mungbean
28.44524991,82.67639542,1,3,3,mungbean
27.96235681,83.97586797,1,3,3,mungbean
29.25649321,81.97952224,1,3,3,mungbean
28.36291385,88.00989267,1,3,3,mungbean
27.62749466,86.49366929,1,3,3,mungbean
28.66086349,86.12194568,1,3,3,mungbean
29.2114218,87.11497805,1,3,3,mungbean
29.40889385,86.16063492,1,3,3,mungbean
28.02952623,84.8845732,1,3,3,mungbean
28.08657178,80.35005927,1,3,3,mungbean
29.16174608,80.28038146,1,3,3,mungbean
29.8596912,80.03499648,1,3,3,mungbean
29.06631494,83.6869203,1,3,3,mungbean
27.38538997,88.66663953,1,3,3,mungbean
27.93034941,85.42058715,1,3,3,mungbean
29.2808618,81.8009244,1,3,3,mungbean
28.9973145,83.78911515,1,3,3,mungbean
27.92678579,86.5543196,1,3,3,mungbean
28.5474135,88.9570454,1,3,3,mungbean
29.36488409,89.1886954,1,3,3,mungbean
28.56149805,83.63802195,1,3,3,mungbean
28.43683487,87.91332682,1,3,3,mungbean
28.79728147,80.45744422,1,3,3,mungbean
28.7275267,89.12760359,1,3,3,mungbean
27.95639663,83.52706038,1,3,3,mungbean
28.17458662,83.69659318,1,3,3,mungbean
28.77653519,86.69133979,1,3,3,mungbean
28.438097,83.48991368,1,3,3,mungbean
29.48439992,63.19915325,1,4,2,blackgram
26.73433965,68.13999721,1,4,2,blackgram
26.27274407,62.28814857,1,4,2,blackgram
34.03679184,67.21113844,1,4,2,blackgram
28.03644051,65.06601664,1,4,2,blackgram
28.81460716,65.33538112,1,4,2,blackgram
34.03619494,64.28791388,1,4,2,blackgram
33.8642935,61.57072498,1,4,2,blackgram
32.84213012,68.68401492,1,4,2,blackgram
27.10053268,63.36085585,1,4,2,blackgram
25.65842532,61.18235808,1,4,2,blackgram
32.34744009,66.61452812,1,4,2,blackgram
29.58949031,68.32176769,1,4,2,blackgram
30.91219459,68.79427388,1,4,2,blackgram
28.12787838,64.2097765,1,4,2,blackgram
30.08545364,69.34811988,1,4,2,blackgram
31.74379487,62.51007687,1,4,2,blackgram
27.81326852,62.50460464,1,4,2,blackgram
32.88733849,64.59457409,1,4,2,blackgram
29.36358721,64.98742947,1,4,2,blackgram
27.82592799,67.5861883,1,4,2,blackgram
28.49538735,60.44848407,1,4,2,blackgram
27.74274761,68.53997144,1,4,2,blackgram
30.41588462,67.66323804,1,4,2,blackgram
27.3254209,69.09047809,1,4,2,blackgram
30.28496619,61.69295127,1,4,2,blackgram
28.56840626,61.53278622,1,4,2,blackgram
25.36586097,66.6379724,1,4,2,blackgram
34.9466155,65.26774011,1,4,2,blackgram
25.09737391,67.72837887,1,4,2,blackgram
32.47648301,64.34848735,1,4,2,blackgram
33.86351172,68.59232289,1,4,2,blackgram
25.19857725,60.37332688,1,4,2,blackgram
31.77681682,69.01852894,1,4,2,blackgram
34.89814946,63.59948557,1,4,2,blackgram
31.74105409,68.63525428,1,4,2,blackgram
27.16159076,66.76017239,1,4,2,blackgram
26.23773129,67.88521396,1,4,2,blackgram
30.20157245,60.06534859,1,4,2,blackgram
31.55846339,67.83563765,1,4,2,blackgram
29.67892453,69.0854554,1,4,2,blackgram
27.05365239,67.7017527,1,4,2,blackgram
34.63880966,61.38597868,1,4,2,blackgram
33.39438752,62.93692886,1,4,2,blackgram
28.84079155,63.37230676,1,4,2,blackgram
31.49338309,63.0563645,1,4,2,blackgram
25.54960633,63.95425534,1,4,2,blackgram
34.37329112,69.69366426,1,4,2,blackgram
34.6008247,63.11296779,1,4,2,blackgram
29.43463808,64.94329356,1,4,2,blackgram
29.10713092,67.90577375,1,4,2,blackgram
28.57006111,65.71765781,1,4,2,blackgram
27.54384835,69.3478631,1,4,2,blackgram
33.04687968,68.93875631,1,4,2,blackgram
33.95309131,69.96100028,1,4,2,blackgram
30.11873003,60.11680815,1,4,2,blackgram
29.57812712,66.17587668,1,4,2,blackgram
27.26458947,68.01232937,1,4,2,blackgram
31.35730791,64.24992106,1,4,2,blackgram
31.52104732,66.55723677,1,4,2,blackgram
29.39982732,64.25510719,1,4,2,blackgram
29.38400259,64.14928485,1,4,2,blackgram
28.38686534,61.88871127,1,4,2,blackgram
28.47442276,63.53604453,1,4,2,blackgram
30.64095781,61.14508627,1,4,2,blackgram
25.25596239,61.36669662,1,4,2,blackgram
32.97030511,60.18122078,1,4,2,blackgram
33.66855394,66.60416867,1,4,2,blackgram
32.83963757,67.99803573,1,4,2,blackgram
27.45853567,62.90020977,1,4,2,blackgram
25.68576704,69.84354028,1,4,2,blackgram
30.0328403,64.14800537,1,4,2,blackgram
28.20667264,68.27085245,1,4,2,blackgram
28.27265858,61.18956161,1,4,2,blackgram
28.5417236,64.2020154,1,4,2,blackgram
26.87187036,61.61367264,1,4,2,blackgram
32.79766751,68.77994074,1,4,2,blackgram
26.42333018,64.51136845,1,4,2,blackgram
29.79181107,63.38789228,1,4,2,blackgram
27.44003279,67.10464369,1,4,2,blackgram
34.1262979,65.14877461,1,4,2,blackgram
30.94908189,64.23364112,1,4,2,blackgram
28.75751783,61.02701476,1,4,2,blackgram
27.24766491,66.10123083,1,4,2,blackgram
28.63005477,66.770943,1,4,2,blackgram
26.41768321,63.64698302,1,4,2,blackgram
32.81705216,66.15665137,1,4,2,blackgram
29.6321052,65.91359954,1,4,2,blackgram
33.49077065,62.73317204,1,4,2,blackgram
31.86847286,66.74217464,1,4,2,blackgram
30.32992227,65.62971858,1,4,2,blackgram
28.546224,66.31394098,1,4,2,blackgram
30.02629908,67.88811637,1,4,2,blackgram
31.65531175,60.13263713,1,4,2,blackgram
30.33499674,63.54718862,1,4,2,blackgram
33.36984395,65.67718163,1,4,2,blackgram
31.4345059,62.99303471,1,4,2,blackgram
27.71678273,63.29103387,1,4,2,blackgram
32.63918668,61.3009051,1,4,2,blackgram
32.7477393,67.77954584,1,4,2,blackgram
28.05153602,63.49802189,2,3,1,lentil
19.44084326,63.27771461,2,3,1,lentil
29.84823072,60.63872613,2,3,1,lentil
21.36383757,69.92375891,2,3,1,lentil
26.28663931,68.51966729,2,3,1,lentil
22.17499963,62.13873825,2,3,1,lentil
26.57597546,60.97876599,2,3,1,lentil
26.58972517,66.14007674,2,3,1,lentil
19.1345771,62.57526895,2,3,1,lentil
28.75273118,69.15640149,2,3,1,lentil
25.78746268,60.2816298,2,3,1,lentil
23.89271875,61.78779413,2,3,1,lentil
28.67408774,63.18832976,2,3,1,lentil
28.42062847,61.77336343,2,3,1,lentil
21.35499456,62.60136323,2,3,1,lentil
21.12695586,63.18738532,2,3,1,lentil
24.02037872,61.62313345,2,3,1,lentil
25.40474421,65.8567539,2,3,1,lentil
29.03017561,64.49166566,2,3,1,lentil
20.21368219,68.65257685,2,3,1,lentil
29.19585548,68.01965728,2,3,1,lentil
18.29783597,69.6897615,2,3,1,lentil
27.41434987,63.41785982,2,3,1,lentil
24.84063998,60.09116626,2,3,1,lentil
29.94413861,67.31323084,2,3,1,lentil
25.87990287,67.55109024,2,3,1,lentil
20.0467711,65.84395319,2,3,1,lentil
22.99451999,66.70897237,2,3,1,lentil
25.13163619,66.92642362,2,3,1,lentil
28.49584395,62.44616219,2,3,1,lentil
18.28766124,69.48515056,2,3,1,lentil
24.38041875,61.18458224,2,3,1,lentil
21.31852148,66.43934593,2,3,1,lentil
18.54141834,62.70637578,2,3,1,lentil
25.28710601,60.85993533,2,3,1,lentil
25.43459777,69.12613376,2,3,1,lentil
28.83600962,69.76112921,2,3,1,lentil
27.37659643,63.93927841,2,3,1,lentil
28.31886863,60.19461399,2,3,1,lentil
27.4818649,62.04814951,2,3,1,lentil
18.28072173,68.10365387,2,3,1,lentil
27.61204997,69.29786244,2,3,1,lentil
23.43974653,63.22011726,2,3,1,lentil
20.95628486,63.68128841,2,3,1,lentil
23.7937153,68.03209183,2,3,1,lentil
22.6371424,65.44544859,2,3,1,lentil
21.53577883,65.47227704,2,3,1,lentil
29.87854588,65.73085206,2,3,1,lentil
25.2653291,67.10004577,2,3,1,lentil
25.17885316,68.93307305,2,3,1,lentil
24.12192608,61.09533545,2,3,1,lentil
23.33565221,67.40460704,2,3,1,lentil
21.74600081,63.39503184,2,3,1,lentil
27.60195453,63.46170674,2,3,1,lentil
24.388717,62.50453062,2,3,1,lentil
24.98287462,66.895409,2,3,1,lentil
28.234829,69.3159965,2,3,1,lentil
26.03026959,69.55863145,2,3,1,lentil
28.04849594,64.07691942,2,3,1,lentil
24.87425505,64.00213929,2,3,1,lentil
23.97081395,62.35557553,2,3,1,lentil
20.06003985,67.76252583,2,3,1,lentil
19.59221047,61.28633405,2,3,1,lentil
29.77013109,66.29327012,2,3,1,lentil
27.52135365,60.53657684,2,3,1,lentil
25.62896213,63.14909763,2,3,1,lentil
20.39078312,60.47528931,2,3,1,lentil
25.39038396,60.4989659,2,3,1,lentil
24.91079638,60.71367427,2,3,1,lentil
27.70496805,63.20915034,2,3,1,lentil
18.06486101,65.1034354,2,3,1,lentil
18.13027797,62.45851612,2,3,1,lentil
23.82723528,67.89815262,2,3,1,lentil
23.19305333,62.74710773,2,3,1,lentil
25.08966129,68.17543102,2,3,1,lentil
25.86928193,61.88321072,2,3,1,lentil
18.43966037,68.05394959,2,3,1,lentil
27.14911056,67.02664337,2,3,1,lentil
23.33375853,64.50515776,2,3,1,lentil
26.7230014,62.96841833,2,3,1,lentil
19.55750776,64.45268309,2,3,1,lentil
26.13708256,66.7729209,2,3,1,lentil
27.99990346,65.57653373,2,3,1,lentil
29.05941162,62.10652364,2,3,1,lentil
25.71269843,64.1123333,2,3,1,lentil
21.79792649,63.73086065,2,3,1,lentil
24.70626432,60.26854183,2,3,1,lentil
20.94981756,65.8108757,2,3,1,lentil
24.84918386,68.98088448,2,3,1,lentil
21.91041045,65.21662467,2,3,1,lentil
25.93381964,68.70533022,2,3,1,lentil
29.82112112,69.4073209,2,3,1,lentil
27.52185591,63.13215259,2,3,1,lentil
27.99627907,68.6428593,2,3,1,lentil
20.76774783,63.90164154,2,3,1,lentil
23.05276444,60.424786,2,3,1,lentil
21.65845777,63.58337146,2,3,1,lentil
26.25070298,67.62779652,2,3,1,lentil
20.97195263,63.83179889,2,3,1,lentil
23.89736406,66.32102048,2,3,1,lentil
24.55981624,91.63536236,2,3,3,pomegranate
19.65690085,89.93701023,2,3,3,pomegranate
18.78359608,87.4024767,2,3,3,pomegranate
24.1469628,94.5110662,2,3,3,pomegranate
22.44581266,89.90147027,2,3,3,pomegranate
24.96273236,92.40501423,2,3,3,pomegranate
22.5526059,89.3259486,2,3,3,pomegranate
22.77035608,91.45498527,2,3,3,pomegranate
19.20090378,94.27659596,2,3,3,pomegranate
23.12808226,92.68328358,2,3,3,pomegranate
24.92639065,85.19098079,2,3,3,pomegranate
24.77464458,85.63608688,2,3,3,pomegranate
19.8671184,86.35590206,2,3,3,pomegranate
24.26601316,93.7974061,2,3,3,pomegranate
23.62600218,89.73266695,2,3,3,pomegranate
19.67832052,89.08935702,2,3,3,pomegranate
22.36509395,92.30882391,2,3,3,pomegranate
21.57936934,94.88267728,2,3,3,pomegranate
18.26233221,88.16779129,2,3,3,pomegranate
23.71028128,89.61794165,2,3,3,pomegranate
22.48720144,89.9224883,2,3,3,pomegranate
21.6602498,94.79397419,2,3,3,pomegranate
20.13037175,89.31505137,2,3,3,pomegranate
18.41164435,91.11927248,2,3,3,pomegranate
19.68291173,89.75272999,2,3,3,pomegranate
23.20242586,91.19442671,2,3,3,pomegranate
18.92157197,87.31290342,2,3,3,pomegranate
22.10621387,91.34039616,2,3,3,pomegranate
18.47412402,89.68919664,2,3,3,pomegranate
19.81069447,88.92944254,2,3,3,pomegranate
24.4880844,90.83687246,2,3,3,pomegranate
18.75927679,89.93457597,2,3,3,pomegranate
19.54128063,90.29751796,2,3,3,pomegranate
18.91251245,87.74938524,2,3,3,pomegranate
19.91330523,94.95031368,2,3,3,pomegranate
19.72620525,89.64934166,2,3,3,pomegranate
23.83185873,87.84034604,2,3,3,pomegranate
24.94467632,94.25702672,2,3,3,pomegranate
24.692258,93.87030088,2,3,3,pomegranate
24.72485577,85.56083187,2,3,3,pomegranate
20.12644921,87.59629625,2,3,3,pomegranate
21.02432943,93.0569505,2,3,3,pomegranate
22.40423537,88.1508343,2,3,3,pomegranate
20.33691147,89.38003827,2,3,3,pomegranate
24.24779615,85.56033312,2,3,3,pomegranate
24.81530144,91.90842992,2,3,3,pomegranate
19.66329768,87.95158129,2,3,3,pomegranate
22.43377991,90.3396556,2,3,3,pomegranate
22.92052307,85.12912161,2,3,3,pomegranate
22.91843172,85.40695044,2,3,3,pomegranate
24.88244467,89.39686219,2,3,3,pomegranate
23.40981539,93.13277,2,3,3,pomegranate
21.20725375,94.26304717,2,3,3,pomegranate
18.20230419,91.12282162,2,3,3,pomegranate
22.34375696,89.7870345,2,3,3,pomegranate
24.32770134,90.88292835,2,3,3,pomegranate
19.75088482,88.71691157,2,3,3,pomegranate
19.86173586,86.19740917,2,3,3,pomegranate
18.07132963,93.14554876,2,3,3,pomegranate
23.89162561,89.61850203,2,3,3,pomegranate
23.98598756,93.34236582,2,3,3,pomegranate
20.93892916,85.42912869,2,3,3,pomegranate
20.82210727,87.22815682,2,3,3,pomegranate
20.86474944,91.61793636,2,3,3,pomegranate
24.45840036,86.10874614,2,3,3,pomegranate
24.51147697,90.64498715,2,3,3,pomegranate
24.56811204,92.03009222,2,3,3,pomegranate
24.63228709,89.01574455,2,3,3,pomegranate
20.07386547,90.97819712,2,3,3,pomegranate
21.80523051,94.63612858,2,3,3,pomegranate
22.8122645,86.34233767,2,3,3,pomegranate
22.73031253,88.48567856,2,3,3,pomegranate
23.2801227,94.94330457,2,3,3,pomegranate
19.30106297,87.1775172,2,3,3,pomegranate
19.0087067,88.83768149,2,3,3,pomegranate
24.35193812,90.88612388,2,3,3,pomegranate
24.72235539,88.87651295,2,3,3,pomegranate
21.92513945,94.46485312,2,3,3,pomegranate
24.83954414,86.88738076,2,3,3,pomegranate
18.09691127,90.42177379,2,3,3,pomegranate
20.24104904,91.08706822,2,3,3,pomegranate
23.22594,94.42971362,2,3,3,pomegranate
23.50128217,92.97527546,2,3,3,pomegranate
19.44623085,89.02127045,2,3,3,pomegranate
20.51343484,92.51675903,2,3,3,pomegranate
18.90223032,94.99897537,2,3,3,pomegranate
18.90592319,89.24126808,2,3,3,pomegranate
22.63045168,88.45577158,2,3,3,pomegranate
19.38603815,86.79058496,2,3,3,pomegranate
24.38318965,91.19431555,2,3,3,pomegranate
23.77989026,92.93386903,2,3,3,pomegranate
22.59890174,93.16343942,2,3,3,pomegranate
24.37766782,85.4017118,2,3,3,pomegranate
20.89273273,91.07776977,2,3,3,pomegranate
18.09903225,85.70786282,2,3,3,pomegranate
20.00218987,85.83618191,2,3,3,pomegranate
19.85139326,89.80732335,2,3,3,pomegranate
21.25433607,92.65058936,2,3,3,pomegranate
23.65374106,93.32657504,2,3,3,pomegranate
23.88404783,86.20613842,2,3,3,pomegranate
29.36792366,76.24900101,3,3,1,banana
27.33368994,83.67675197,3,3,1,banana
27.40053601,82.96221306,3,3,1,banana
29.3159075,80.11585705,3,3,1,banana
26.05433004,79.39654531,3,3,1,banana
25.86632408,84.42379269,3,3,1,banana
27.00932084,80.18546798,3,3,1,banana
29.55054817,78.06762846,3,3,1,banana
26.28845991,83.390039,3,3,1,banana
29.16226551,76.16151562,3,3,1,banana
28.65003945,82.68752542,3,3,1,banana
29.07311132,76.50045221,3,3,1,banana
28.08166093,75.26429821,3,3,1,banana
27.1994597,78.8086068,3,3,1,banana
28.05484146,78.04602887,3,3,1,banana
25.14748006,83.34688193,3,3,1,banana
25.94019018,78.3422098,3,3,1,banana
27.66752761,79.68542782,3,3,1,banana
25.56703012,75.94067692,3,3,1,banana
28.6956201,82.54195839,3,3,1,banana
26.33544853,76.8532006,3,3,1,banana
25.93730186,78.89864446,3,3,1,banana
25.13686519,84.88394407,3,3,1,banana
27.50527651,80.79783998,3,3,1,banana
26.21009246,82.34429458,3,3,1,banana
29.10403455,79.19588629,3,3,1,banana
29.2440638,77.32017166,3,3,1,banana
25.56202173,77.38229006,3,3,1,banana
26.3985515,81.36028902,3,3,1,banana
28.09577643,77.79586769,3,3,1,banana
27.84767901,83.31110751,3,3,1,banana
27.39341554,81.4654833,3,3,1,banana
25.14517635,81.38204104,3,3,1,banana
28.65456263,79.28693687,3,3,1,banana
29.16093424,76.67484233,3,3,1,banana
27.57278064,82.0638878,3,3,1,banana
25.40909896,82.36208097,3,3,1,banana
25.99069521,83.33983116,3,3,1,banana
26.29039046,81.06003778,3,3,1,banana
29.14827211,78.71024836,3,3,1,banana
26.59743595,79.35898915,3,3,1,banana
25.36059237,75.03193255,3,3,1,banana
29.12036889,80.18080728,3,3,1,banana
27.53911354,77.25629897,3,3,1,banana
29.66727337,83.51014178,3,3,1,banana
25.05802193,84.97323747,3,3,1,banana
25.86824781,78.52399914,3,3,1,banana
25.85036988,81.95580471,3,3,1,banana
26.51682337,77.79913575,3,3,1,banana
28.66725136,79.59242542,3,3,1,banana
28.14938935,81.54448882,3,3,1,banana
26.42313317,83.6995044,3,3,1,banana
26.59386409,81.40740301,3,3,1,banana
27.71822477,76.57853189,3,3,1,banana
28.98333432,82.95958244,3,3,1,banana
29.42017919,83.96754496,3,3,1,banana
27.39872329,81.10523402,3,3,1,banana
26.4020227,84.41007614,3,3,1,banana
27.81251452,82.69285419,3,3,1,banana
25.19640218,83.55829874,3,3,1,banana
28.31193338,75.77363772,3,3,1,banana
25.90113128,80.47152737,3,3,1,banana
27.48612983,76.11239849,3,3,1,banana
29.38254012,83.50423735,3,3,1,banana
29.22118628,81.08183635,3,3,1,banana
27.09062164,81.33506906,3,3,1,banana
26.12643374,81.81365007,3,3,1,banana
29.01207743,77.95192527,3,3,1,banana
27.96799119,79.28625709,3,3,1,banana
28.0764455,76.05522115,3,3,1,banana
25.16278237,84.97849241,3,3,1,banana
25.78749808,84.51194224,3,3,1,banana
25.34119774,84.47321314,3,3,1,banana
29.44795403,78.34971537,3,3,1,banana
26.47522633,78.51833782,3,3,1,banana
27.39489579,83.31172003,3,3,1,banana
25.08347445,80.261731,3,3,1,banana
26.6719835,76.48541655,3,3,1,banana
25.44926208,79.49221962,3,3,1,banana
28.22776705,80.6430384,3,3,1,banana
28.1279509,77.48247073,3,3,1,banana
28.9470467,82.1888998,3,3,1,banana
27.96236771,84.15403614,3,3,1,banana
28.00316034,78.90085998,3,3,1,banana
29.1400919,80.1190228,3,3,1,banana
27.9122104,83.36307683,3,3,1,banana
25.43480512,81.53977797,3,3,1,banana
28.55980972,84.51602322,3,3,1,banana
26.59580783,82.99556744,3,3,1,banana
27.19711623,77.3970629,3,3,1,banana
25.29391516,79.29122198,3,3,1,banana
29.90888522,76.98740841,3,3,1,banana
27.94972463,76.63713353,3,3,1,banana
25.01018457,78.76260938,3,3,1,banana
29.21144871,84.70189923,3,3,1,banana
27.35911627,84.54625006,3,3,1,banana
28.0106804,76.52808057,3,3,1,banana
28.67208915,82.20793613,3,3,1,banana
27.34585147,78.4873835,3,3,1,banana
29.50704598,78.20585613,3,3,1,banana
29.73770045,47.54885174,2,1,4,mango
33.55695561,53.72979826,2,1,4,mango
27.00315545,47.67525434,2,1,4,mango
33.56150184,45.53556603,2,1,4,mango
35.89855625,54.25964196,2,1,4,mango
34.17719782,50.62161586,2,1,4,mango
30.01592643,53.19212381,2,1,4,mango
31.74592134,45.16127859,2,1,4,mango
35.99009679,52.22780489,2,1,4,mango
31.86641378,52.19331595,2,1,4,mango
27.75518664,52.34605806,2,1,4,mango
34.72413192,51.4271781,2,1,4,mango
27.53907547,53.63549533,2,1,4,mango
27.69637763,48.5622488,2,1,4,mango
27.25373364,52.66319725,2,1,4,mango
30.33723921,48.88704844,2,1,4,mango
31.85744939,45.53106268,2,1,4,mango
35.39986338,49.45962621,2,1,4,mango
29.80747243,52.13797867,2,1,4,mango
34.16438906,54.16482251,2,1,4,mango
28.93270187,47.94053996,2,1,4,mango
27.98392787,53.33018851,2,1,4,mango
31.20478173,54.49960506,2,1,4,mango
32.13409675,50.52559148,2,1,4,mango
28.91862016,48.13974548,2,1,4,mango
31.09779147,47.41196659,2,1,4,mango
34.73823882,49.08864345,2,1,4,mango
29.98080499,49.48613279,2,1,4,mango
33.80398664,46.12866113,2,1,4,mango
30.07202564,50.96040505,2,1,4,mango
27.92063282,51.77965917,2,1,4,mango
31.40948821,49.21729127,2,1,4,mango
35.7877738,51.94190321,2,1,4,mango
33.36140093,45.02236377,2,1,4,mango
35.96054636,48.69677802,2,1,4,mango
28.33333307,51.39586505,2,1,4,mango
32.27652024,50.19368841,2,1,4,mango
31.99490489,50.84881347,2,1,4,mango
27.58258929,48.56916221,2,1,4,mango
29.38471637,45.88744691,2,1,4,mango
32.38697531,53.2328243,2,1,4,mango
30.91471455,49.92963856,2,1,4,mango
35.37775595,45.58110023,2,1,4,mango
32.32362177,52.5896771,2,1,4,mango
28.22373428,47.40519056,2,1,4,mango
27.27433181,47.16808054,2,1,4,mango
27.10710832,50.70880979,2,1,4,mango
34.89226666,48.75613373,2,1,4,mango
33.7462686,48.50387598,2,1,4,mango
27.3511056,54.43945147,2,1,4,mango
32.89300162,52.61323969,2,1,4,mango
35.38598705,51.42664176,2,1,4,mango
27.5529736,47.90859131,2,1,4,mango
32.82141065,47.45553843,2,1,4,mango
30.17294105,51.0845903,2,1,4,mango
29.26382931,54.82257868,2,1,4,mango
32.06097197,51.08494181,2,1,4,mango
28.69818144,47.71875722,2,1,4,mango
29.14305008,49.40983294,2,1,4,mango
28.3471611,53.53903102,2,1,4,mango
27.67256197,45.41692012,2,1,4,mango
28.1218093,46.16888595,2,1,4,mango
30.79375683,46.69536813,2,1,4,mango
28.89409382,54.80750249,2,1,4,mango
33.33024826,45.61143594,2,1,4,mango
27.78912455,53.96886679,2,1,4,mango
31.65333432,48.20662669,2,1,4,mango
29.75150773,46.73723302,2,1,4,mango
31.32995611,50.22287593,2,1,4,mango
35.63627319,48.97047762,2,1,4,mango
31.66524687,51.98594645,2,1,4,mango
32.26935342,53.56092806,2,1,4,mango
27.81005614,51.59445462,2,1,4,mango
34.58561471,50.34035336,2,1,4,mango
31.27180992,52.23810152,2,1,4,mango
33.93679864,52.72170281,2,1,4,mango
31.09154239,47.02058367,2,1,4,mango
31.89356292,49.02450149,2,1,4,mango
32.45465292,50.69693751,2,1,4,mango
35.47478322,47.97230503,2,1,4,mango
27.32961444,49.30347234,2,1,4,mango
30.90225239,49.95955487,2,1,4,mango
29.09382275,45.5661059,2,1,4,mango
30.02086169,46.78393776,2,1,4,mango
34.13072188,51.25786185,2,1,4,mango
33.44619894,53.05980465,2,1,4,mango
35.3915464,52.48823147,2,1,4,mango
31.53356352,53.06009323,2,1,4,mango
30.7645515,47.93791463,2,1,4,mango
30.01821337,50.0983181,2,1,4,mango
31.32863689,47.59319575,2,1,4,mango
33.88004781,54.39416048,2,1,4,mango
28.07802689,54.9640534,2,1,4,mango
35.53845018,52.94641947,2,1,4,mango
28.70595247,50.44030129,2,1,4,mango
31.48451729,48.77926304,2,1,4,mango
27.69819273,51.41593238,2,1,4,mango
30.41235793,52.48100602,2,1,4,mango
32.17752026,54.01352682,2,1,4,mango
32.6112614,47.74916499,2,1,4,mango
29.99677232,81.54156612,2,5,1,grapes
30.7280404,82.42614055,2,5,1,grapes
32.44577836,83.88504863,2,5,1,grapes
37.46566825,80.65968681,2,5,1,grapes
22.03296178,83.74372787,2,5,1,grapes
39.64851881,82.21079946,2,5,1,grapes
16.77557314,82.75241875,2,5,1,grapes
12.14190714,83.56812483,2,5,1,grapes
12.7567962,81.62497448,2,5,1,grapes
39.04071989,80.18393287,2,5,1,grapes
39.70772192,82.68593454,2,5,1,grapes
9.467960445,82.29335466,2,5,1,grapes
29.58748357,80.91934392,2,5,1,grapes
17.82803682,80.96093443,2,5,1,grapes
8.825674745,82.89753705,2,5,1,grapes
27.83487131,83.51444973,2,5,1,grapes
11.02105378,80.55557235,2,5,1,grapes
17.5862944,80.84806564,2,5,1,grapes
19.89363946,82.73366439,2,5,1,grapes
29.93707596,81.77713468,2,5,1,grapes
36.73126647,80.58931938,2,5,1,grapes
20.42094753,81.54185044,2,5,1,grapes
25.51939719,83.98351748,2,5,1,grapes
30.50734778,82.71775569,2,5,1,grapes
18.4269936,80.55625868,2,5,1,grapes
12.087022,83.59398734,2,5,1,grapes
23.60115364,82.48336987,2,5,1,grapes
12.80000387,81.20876367,2,5,1,grapes
38.06099482,82.24729637,2,5,1,grapes
39.06555518,82.03812973,2,5,1,grapes
33.78372897,81.16314317,2,5,1,grapes
16.76201707,82.00335557,2,5,1,grapes
35.89307536,82.66850729,2,5,1,grapes
21.01245395,81.17931863,2,5,1,grapes
10.89875873,80.01639435,2,5,1,grapes
16.36251869,83.00471609,2,5,1,grapes
20.28370163,81.32235739,2,5,1,grapes
25.11108456,83.25447587,2,5,1,grapes
33.4641162,83.86742974,2,5,1,grapes
11.7976469,80.86325389,2,5,1,grapes
11.36300891,80.03100049,2,5,1,grapes
25.23542319,80.68700527,2,5,1,grapes
15.99050693,81.23966573,2,5,1,grapes
22.4359017,80.18612085,2,5,1,grapes
34.76086052,81.03544763,2,5,1,grapes
31.11047251,83.34010951,2,5,1,grapes
28.57828803,80.95628959,2,5,1,grapes
41.18664903,81.01783402,2,5,1,grapes
27.02766138,83.17093908,2,5,1,grapes
21.19339319,82.33098331,2,5,1,grapes
10.38004759,83.44518113,2,5,1,grapes
31.3115978,82.56407013,2,5,1,grapes
20.46657776,80.97598029,2,5,1,grapes
29.36947679,81.53996362,2,5,1,grapes
10.72302459,80.02130636,2,5,1,grapes
14.97846952,80.49979873,2,5,1,grapes
15.3246651,81.67215994,2,5,1,grapes
18.73932187,81.12109244,2,5,1,grapes
19.3642553,83.36094029,2,5,1,grapes
41.20733624,81.61051026,2,5,1,grapes
33.34214482,82.51034633,2,5,1,grapes
23.81995682,80.12211649,2,5,1,grapes
40.66012294,81.24995984,2,5,1,grapes
11.82768186,80.2827185,2,5,1,grapes
13.28504331,83.54193816,2,5,1,grapes
35.83089092,83.32560104,2,5,1,grapes
26.18159716,81.03886263,2,5,1,grapes
24.57558351,80.70695797,2,5,1,grapes
29.67229086,83.71498986,2,5,1,grapes
39.37102553,81.25353895,2,5,1,grapes
17.66558428,82.92903419,2,5,1,grapes
24.06679352,82.66396666,2,5,1,grapes
15.31413469,80.09711412,2,5,1,grapes
21.77466746,80.54942557,2,5,1,grapes
26.91624843,80.76838926,2,5,1,grapes
41.65602996,82.22118237,2,5,1,grapes
17.98667801,81.17712085,2,5,1,grapes
29.12033769,82.79092939,2,5,1,grapes
34.38922481,83.18392806,2,5,1,grapes
41.36106301,82.79782954,2,5,1,grapes
35.12158265,82.26890793,2,5,1,grapes
19.6491772,80.15215777,2,5,1,grapes
16.27852801,82.94270065,2,5,1,grapes
21.11903604,80.63399198,2,5,1,grapes
19.2077707,82.9042841,2,5,1,grapes
25.96308415,82.57813624,2,5,1,grapes
25.67385024,81.6212135,2,5,1,grapes
41.94865736,81.15595212,2,5,1,grapes
11.18994268,80.8084305,2,5,1,grapes
17.5438296,82.94703302,2,5,1,grapes
13.05809741,80.28297993,2,5,1,grapes
9.724457611,83.74765639,2,5,1,grapes
27.92004934,82.93262435,2,5,1,grapes
9.535585543,80.73112694,2,5,1,grapes
13.42988625,80.06633966,2,5,1,grapes
9.851242629,80.22631717,2,5,1,grapes
24.97256132,82.72828653,2,5,1,grapes
27.23708304,82.94573346,2,5,1,grapes
18.70679077,83.4795292,2,5,1,grapes
9.949929082,82.55138983,2,5,1,grapes
26.47330219,80.92254421,2,4,3,watermelon
25.18780042,83.44621709,2,4,3,watermelon
25.29954705,81.77527562,2,4,3,watermelon
24.74631269,88.30866319,2,4,3,watermelon
26.58740671,81.32563243,2,4,3,watermelon
24.53442564,88.989272,2,4,3,watermelon
26.0713757,88.7285657,2,4,3,watermelon
25.96534238,89.77076659,2,4,3,watermelon
26.22338015,85.34866045,2,4,3,watermelon
24.41311871,89.81574032,2,4,3,watermelon
26.49195283,80.04678201,2,4,3,watermelon
24.04355803,84.18406764,2,4,3,watermelon
25.5421695,83.31883376,2,4,3,watermelon
26.74550678,83.9195902,2,4,3,watermelon
25.7131428,80.22972777,2,4,3,watermelon
25.76484262,84.1726996,2,4,3,watermelon
26.79489868,89.64815231,2,4,3,watermelon
24.9004602,89.73524177,2,4,3,watermelon
26.80750629,88.22874955,2,4,3,watermelon
25.11189154,80.02621335,2,4,3,watermelon
26.2148837,87.6883982,2,4,3,watermelon
24.9103226,86.97190046,2,4,3,watermelon
25.79448878,84.26830701,2,4,3,watermelon
25.26931156,87.55055105,2,4,3,watermelon
25.76402693,87.5931128,2,4,3,watermelon
25.85483596,89.13163965,2,4,3,watermelon
24.33528185,81.44030363,2,4,3,watermelon
25.37601283,80.99313508,2,4,3,watermelon
24.86094646,85.05318563,2,4,3,watermelon
24.71885473,88.94568335,2,4,3,watermelon
24.21495706,84.20576992,2,4,3,watermelon
25.81692236,82.043255,2,4,3,watermelon
24.47018505,84.16390229,2,4,3,watermelon
24.13078816,84.84494575,2,4,3,watermelon
26.1793464,86.52258079,2,4,3,watermelon
26.17668721,86.7295205,2,4,3,watermelon
26.03867719,84.6378378,2,4,3,watermelon
26.53259325,82.39053979,2,4,3,watermelon
26.81938687,87.8274604,2,4,3,watermelon
25.50405534,81.40297428,2,4,3,watermelon
26.20234499,80.38266489,2,4,3,watermelon
25.13735887,89.28272716,2,4,3,watermelon
25.92030221,83.47202566,2,4,3,watermelon
26.6634609,89.98405233,2,4,3,watermelon
24.06731461,81.64075303,2,4,3,watermelon
24.6774157,82.75411437,2,4,3,watermelon
26.11440416,87.64081095,2,4,3,watermelon
26.81530456,87.65694462,2,4,3,watermelon
25.15623099,80.27525115,2,4,3,watermelon
25.2801372,83.15393658,2,4,3,watermelon
26.22005978,80.90127035,2,4,3,watermelon
24.92093261,80.61750795,2,4,3,watermelon
26.21667586,81.01009354,2,4,3,watermelon
26.81383586,87.21986949,2,4,3,watermelon
24.31334971,87.47409052,2,4,3,watermelon
24.29105004,88.04541346,2,4,3,watermelon
24.42998931,86.33904774,2,4,3,watermelon
25.66576039,88.6984228,2,4,3,watermelon
25.07803672,83.46230461,2,4,3,watermelon
24.88910524,85.87059083,2,4,3,watermelon
25.42900869,82.91481799,2,4,3,watermelon
24.37118217,87.1269128,2,4,3,watermelon
26.4930645,88.59143088,2,4,3,watermelon
25.83202912,89.00481725,2,4,3,watermelon
24.41592661,89.39655519,2,4,3,watermelon
24.37190239,81.2514818,2,4,3,watermelon
24.24782473,83.03687902,2,4,3,watermelon
24.64458469,85.49938185,2,4,3,watermelon
24.89681131,86.10782926,2,4,3,watermelon
25.41864024,81.12122989,2,4,3,watermelon
26.26028739,86.14585891,2,4,3,watermelon
24.90123934,87.20772913,2,4,3,watermelon
24.84740848,89.20454622,2,4,3,watermelon
26.98212846,86.70068316,2,4,3,watermelon
26.90435747,86.25426228,2,4,3,watermelon
25.86475496,86.67468041,2,4,3,watermelon
26.70607759,81.14149505,2,4,3,watermelon
26.44019475,80.91934337,2,4,3,watermelon
26.283443,84.42478917,2,4,3,watermelon
26.84366082,83.85039964,2,4,3,watermelon
26.03967219,83.9862443,2,4,3,watermelon
24.92994759,85.00802358,2,4,3,watermelon
25.50736962,84.24340241,2,4,3,watermelon
25.4438391,87.9392312,2,4,3,watermelon
26.12588914,86.5507939,2,4,3,watermelon
25.10474753,87.5267616,2,4,3,watermelon
26.27520631,86.63249555,2,4,3,watermelon
26.27061608,83.09194521,2,4,3,watermelon
26.73690828,87.82430156,2,4,3,watermelon
25.04746944,85.5667282,2,4,3,watermelon
24.69368934,85.56967628,2,4,3,watermelon
24.54356968,84.60808277,2,4,3,watermelon
25.89762315,81.96664832,2,4,3,watermelon
26.6333118,84.31756844,2,4,3,watermelon
25.35794749,80.45846265,2,4,3,watermelon
25.28784623,89.63667876,2,4,3,watermelon
26.63838589,84.69546874,2,4,3,watermelon
25.3310446,84.30533791,2,4,3,watermelon
26.89750174,83.89241484,2,4,3,watermelon
26.98603693,89.4138489,2,4,3,watermelon
27.57826922,94.11878202,2,4,3,muskmelon
27.82054812,93.03555162,2,4,3,muskmelon
29.09910406,94.22237826,2,4,3,muskmelon
28.04943594,90.83130708,2,4,3,muskmelon
29.91690582,94.55695552,2,4,3,muskmelon
29.86895762,93.25103208,2,4,3,muskmelon
29.17220859,92.21405224,2,4,3,muskmelon
29.24908541,90.06998135,2,4,3,muskmelon
27.76317235,90.35567642,2,4,3,muskmelon
28.82629037,94.26765349,2,4,3,muskmelon
28.52379742,92.09688432,2,4,3,muskmelon
29.06785065,90.97685539,2,4,3,muskmelon
29.08417927,90.73891887,2,4,3,muskmelon
28.47090661,94.79453182,2,4,3,muskmelon
28.27973674,90.38971208,2,4,3,muskmelon
28.47212559,91.21322065,2,4,3,muskmelon
29.68846716,94.30111601,2,4,3,muskmelon
27.02415146,91.66737633,2,4,3,muskmelon
29.09588297,94.16748386,2,4,3,muskmelon
29.69238699,92.58862544,2,4,3,muskmelon
28.20619412,92.86798698,2,4,3,muskmelon
29.05248036,93.92217834,2,4,3,muskmelon
29.57240298,93.61870344,2,4,3,muskmelon
29.10968327,92.43510994,2,4,3,muskmelon
28.20480805,92.91440379,2,4,3,muskmelon
29.11858526,92.12543021,2,4,3,muskmelon
29.62800691,90.10051615,2,4,3,muskmelon
29.81196601,90.36881284,2,4,3,muskmelon
27.72338349,90.93897939,2,4,3,muskmelon
29.26092798,92.92367701,2,4,3,muskmelon
29.72791119,94.29753295,2,4,3,muskmelon
28.91105641,90.78413842,2,4,3,muskmelon
28.96361426,93.88482153,2,4,3,muskmelon
28.59052369,91.33617236,2,4,3,muskmelon
27.33897716,90.69759008,2,4,3,muskmelon
29.90415889,90.75284363,2,4,3,muskmelon
27.42711692,90.02696201,2,4,3,muskmelon
29.55657523,90.70937262,2,4,3,muskmelon
29.84070774,93.76312893,2,4,3,muskmelon
28.53545677,91.72742702,2,4,3,muskmelon
27.11535046,94.86907886,2,4,3,muskmelon
27.84492803,91.60666594,2,4,3,muskmelon
29.03157242,91.82172592,2,4,3,muskmelon
27.82424457,90.56698742,2,4,3,muskmelon
27.72653142,92.00687531,2,4,3,muskmelon
28.69708334,94.30759855,2,4,3,muskmelon
29.73019662,90.97015715,2,4,3,muskmelon
29.54097171,92.91778307,2,4,3,muskmelon
28.80311922,91.78336933,2,4,3,muskmelon
27.29035669,90.53330091,2,4,3,muskmelon
27.46583649,94.87679041,2,4,3,muskmelon
29.49401389,94.72981338,2,4,3,muskmelon
27.79161808,92.51054946,2,4,3,muskmelon
29.12533739,91.52291141,2,4,3,muskmelon
27.93114233,93.56161439,2,4,3,muskmelon
29.45771748,92.12534736,2,4,3,muskmelon
27.96872279,92.17444796,2,4,3,muskmelon
29.48882958,91.07574233,2,4,3,muskmelon
29.47156259,90.77069618,2,4,3,muskmelon
27.0767265,90.14362622,2,4,3,muskmelon
27.30008597,90.80015308,2,4,3,muskmelon
29.82729394,90.79007335,2,4,3,muskmelon
29.93061247,93.22980899,2,4,3,muskmelon
29.94349168,93.90741192,2,4,3,muskmelon
28.03306461,91.47355778,2,4,3,muskmelon
29.8843055,94.0371147,2,4,3,muskmelon
27.7058373,92.91185695,2,4,3,muskmelon
29.78714005,94.65343534,2,4,3,muskmelon
28.57819995,92.86597437,2,4,3,muskmelon
29.48069921,90.33698678,2,4,3,muskmelon
27.51492243,94.96218673,2,4,3,muskmelon
28.05457761,94.81637388,2,4,3,muskmelon
29.03167341,93.12603235,2,4,3,muskmelon
28.5854649,91.89216849,2,4,3,muskmelon
27.08808014,93.42402083,2,4,3,muskmelon
27.99611732,90.84660317,2,4,3,muskmelon
27.87317436,91.14849627,2,4,3,muskmelon
28.96586565,90.71832938,2,4,3,muskmelon
28.87726019,92.48839665,2,4,3,muskmelon
29.17052093,94.19790371,2,4,3,muskmelon
29.34033587,90.01506395,2,4,3,muskmelon
29.07265321,91.91533173,2,4,3,muskmelon
28.68275966,92.50969311,2,4,3,muskmelon
28.92705913,91.39356832,2,4,3,muskmelon
27.99901833,91.64193051,2,4,3,muskmelon
27.59350075,91.79742953,2,4,3,muskmelon
29.87331077,90.60932469,2,4,3,muskmelon
28.55852465,90.45773041,2,4,3,muskmelon
29.19378695,91.46241065,2,4,3,muskmelon
27.98780984,92.78226196,2,4,3,muskmelon
28.05380704,91.81758779,2,4,3,muskmelon
27.3506296,94.2911951,2,4,3,muskmelon
29.34081108,94.5513539,2,4,3,muskmelon
28.61475136,94.22253035,2,4,3,muskmelon
27.04863538,91.34685096,2,4,3,muskmelon
29.5275305,94.57459443,2,4,3,muskmelon
28.50416396,93.46806467,2,4,3,muskmelon
28.89578588,94.78993038,2,4,3,muskmelon
27.04927452,91.3821731,2,4,3,muskmelon
28.96017885,91.69532178,2,4,3,muskmelon
22.75088787,90.69489172,2,3,1,apple
23.8494014,94.34814995,2,3,1,apple
22.60800988,94.58900601,2,3,1,apple
21.18667419,91.13435689,2,3,1,apple
23.41044706,91.69913296,2,3,1,apple
22.86006627,93.12859895,2,3,1,apple
22.48403042,93.40819246,2,3,1,apple
22.02775403,92.96129462,2,3,1,apple
21.91191314,91.68748063,2,3,1,apple
23.71059131,93.27392415,2,3,1,apple
21.37784654,92.72043743,2,3,1,apple
22.84852833,94.32130209,2,3,1,apple
23.1094265,92.79630809,2,3,1,apple
23.25230817,94.54128292,2,3,1,apple
23.67287749,90.4935574,2,3,1,apple
23.76881552,90.59810302,2,3,1,apple
23.34386401,91.47684705,2,3,1,apple
22.63946441,90.18451645,2,3,1,apple
22.45696744,94.76285385,2,3,1,apple
22.96388477,93.58065995,2,3,1,apple
21.07273439,93.56585985,2,3,1,apple
22.44075021,92.70785115,2,3,1,apple
22.71271308,90.45261746,2,3,1,apple
21.70416965,93.44006288,2,3,1,apple
22.43324518,92.48667725,2,3,1,apple
21.25941052,92.84416234,2,3,1,apple
22.9215706,94.89613443,2,3,1,apple
22.81212536,91.51861705,2,3,1,apple
21.12152071,90.6878768,2,3,1,apple
21.11478672,90.31528693,2,3,1,apple
23.59997268,90.97597665,2,3,1,apple
23.12652652,94.71203306,2,3,1,apple
22.98458907,93.3204487,2,3,1,apple
22.12659387,90.97818277,2,3,1,apple
22.53779727,91.48135786,2,3,1,apple
22.49095104,91.70292746,2,3,1,apple
22.35548159,94.47811755,2,3,1,apple
22.20700989,93.50574163,2,3,1,apple
22.44516988,94.73763514,2,3,1,apple
22.76643029,92.12438519,2,3,1,apple
22.19109412,90.02575116,2,3,1,apple
23.6119202,91.70293849,2,3,1,apple
23.86087054,94.92048112,2,3,1,apple
21.42177231,92.62665309,2,3,1,apple
22.36629253,90.78572467,2,3,1,apple
23.99686172,91.61001707,2,3,1,apple
21.80129837,92.73446667,2,3,1,apple
23.80436344,92.80441624,2,3,1,apple
23.71475278,91.53331177,2,3,1,apple
23.34467359,90.37981478,2,3,1,apple
22.31253665,90.03577124,2,3,1,apple
23.50201428,92.21083961,2,3,1,apple
23.46260321,91.45665004,2,3,1,apple
23.06204373,92.39544055,2,3,1,apple
22.47420512,91.22759742,2,3,1,apple
22.69780133,92.82223419,2,3,1,apple
23.66682067,93.90191078,2,3,1,apple
22.50050273,92.45878335,2,3,1,apple
23.83053666,90.84422164,2,3,1,apple
23.64142354,93.74461474,2,3,1,apple
21.41363812,92.99124545,2,3,1,apple
22.85267372,94.5764581,2,3,1,apple
22.98208095,93.84505029,2,3,1,apple
21.19909519,90.80819418,2,3,1,apple
23.87192332,90.49939035,2,3,1,apple
21.0365275,94.33919546,2,3,1,apple
22.61711614,93.51978375,2,3,1,apple
21.45278675,90.74531921,2,3,1,apple
22.81227579,92.12992101,2,3,1,apple
21.98141856,91.12719303,2,3,1,apple
22.52709326,92.54780429,2,3,1,apple
22.35628673,91.92360477,2,3,1,apple
21.19852186,92.15595143,2,3,1,apple
23.8812458,93.45067555,2,3,1,apple
22.78234161,94.36803516,2,3,1,apple
22.19055385,92.43764169,2,3,1,apple
22.91430043,90.70475565,2,3,1,apple
23.08950736,90.22507299,2,3,1,apple
21.72484506,92.83975602,2,3,1,apple
22.44307715,91.59234006,2,3,1,apple
21.1316077,91.95769858,2,3,1,apple
22.71750705,92.25479855,2,3,1,apple
23.75033085,92.88160462,2,3,1,apple
23.76121837,93.661643,2,3,1,apple
22.13450646,94.67695747,2,3,1,apple
21.17089176,90.23730166,2,3,1,apple
22.36238282,91.15761594,2,3,1,apple
22.77856513,92.70124029,2,3,1,apple
21.22503442,90.09877774,2,3,1,apple
23.15791104,90.34396882,2,3,1,apple
22.42776057,93.91722423,2,3,1,apple
23.64082979,90.95257927,2,3,1,apple
22.29423493,90.69033986,2,3,1,apple
23.35225078,90.90054697,2,3,1,apple
22.03911546,94.58075845,2,3,1,apple
23.80593812,92.48879468,2,3,1,apple
22.31944084,90.85174383,2,3,1,apple
22.14464104,93.82567435,2,3,1,apple
23.65167552,94.50528753,2,3,1,apple
22.16939473,90.27185592,2,3,1,apple
15.78144173,92.51077745,2,3,1,orange
26.03097313,91.50819306,2,3,1,orange
13.36050601,91.35608208,2,3,1,orange
18.87957654,92.04304496,2,3,1,orange
29.47741671,91.57802915,2,3,1,orange
28.06903173,92.91487288,2,3,1,orange
25.66901098,92.04670813,2,3,1,orange
29.77149434,92.00719952,2,3,1,orange
30.55472573,90.90343769,2,3,1,orange
23.96147583,90.26408017,2,3,1,orange
23.98289638,91.5473145,2,3,1,orange
25.26052689,90.31153735,2,3,1,orange
31.08368929,90.14362642,2,3,1,orange
14.78003032,91.22062116,2,3,1,orange
26.56608303,94.45239715,2,3,1,orange
24.85903405,94.39000473,2,3,1,orange
34.51465139,93.63812684,2,3,1,orange
24.12188673,90.72351622,2,3,1,orange
23.85340379,90.10522549,2,3,1,orange
24.60297538,91.28408653,2,3,1,orange
15.63211033,94.25966183,2,3,1,orange
19.33516809,91.97978938,2,3,1,orange
28.2620488,91.98317355,2,3,1,orange
22.67594476,93.36348717,2,3,1,orange
21.03200078,92.9641969,2,3,1,orange
33.23453301,91.06053924,2,3,1,orange
22.30318989,92.15987039,2,3,1,orange
11.50322938,94.8933184,2,3,1,orange
14.34320488,94.35734702,2,3,1,orange
33.1056981,93.48447453,2,3,1,orange
30.49183837,90.4582865,2,3,1,orange
30.25578031,92.03272799,2,3,1,orange
12.22816189,90.26457428,2,3,1,orange
10.01081312,90.22399223,2,3,1,orange
22.79196751,90.60901895,2,3,1,orange
20.18432263,90.65458473,2,3,1,orange
30.72119881,94.01331956,2,3,1,orange
24.35590861,92.39651663,2,3,1,orange
21.21306973,91.35349216,2,3,1,orange
10.78689755,91.38411917,2,3,1,orange
11.89925671,91.34663797,2,3,1,orange
22.56664172,93.37488907,2,3,1,orange
18.86883219,93.24688124,2,3,1,orange
17.34083741,93.04897191,2,3,1,orange
34.90665289,92.87820148,2,3,1,orange
24.53610067,91.90997228,2,3,1,orange
13.8377282,91.74780462,2,3,1,orange
22.3551049,93.52211892,2,3,1,orange
34.74004942,93.12316972,2,3,1,orange
11.54785707,94.14861001,2,3,1,orange
23.13338811,91.94670335,2,3,1,orange
29.98364695,94.55239717,2,3,1,orange
20.87947369,90.93756231,2,3,1,orange
17.24944623,91.13772765,2,3,1,orange
15.83388699,91.68293851,2,3,1,orange
23.01014302,91.11764246,2,3,1,orange
16.39624284,92.18151927,2,3,1,orange
24.45132792,93.10527686,2,3,1,orange
31.87859192,91.15248149,2,3,1,orange
31.34920143,91.48247612,2,3,1,orange
18.05142392,90.03969587,2,3,1,orange
30.84835031,92.86773675,2,3,1,orange
22.45616931,91.52781832,2,3,1,orange
13.70319166,90.95589386,2,3,1,orange
20.48954522,93.72485075,2,3,1,orange
13.20844373,94.02769434,2,3,1,orange
32.31944397,93.67804556,2,3,1,orange
20.68185224,90.91510525,2,3,1,orange
31.52675982,90.50621806,2,3,1,orange
25.35467646,91.81183218,2,3,1,orange
17.66545409,91.69865887,2,3,1,orange
12.59093977,91.81668769,2,3,1,orange
11.86631922,93.68394562,2,3,1,orange
11.03367937,92.22706805,2,3,1,orange
25.2990432,94.96419851,2,3,1,orange
32.23797837,90.15406807,2,3,1,orange
17.68408797,94.35815354,2,3,1,orange
10.2708877,90.19147747,2,3,1,orange
17.22034507,94.78797376,2,3,1,orange
19.667056,90.50096668,2,3,1,orange
10.35609594,93.75652041,2,3,1,orange
27.255435,91.71369387,2,3,1,orange
34.5917846,92.13229786,2,3,1,orange
32.39523995,94.51768464,2,3,1,orange
10.16431299,91.22320999,2,3,1,orange
21.49118657,93.43949693,2,3,1,orange
16.53460397,94.76759975,2,3,1,orange
31.8520694,90.12220323,2,3,1,orange
28.04799508,90.00621688,2,3,1,orange
31.75048899,94.59551226,2,3,1,orange
29.07412717,93.27189064,2,3,1,orange
19.14381903,90.71037456,2,3,1,orange
16.14820285,91.4448027,2,3,1,orange
34.05296914,92.05811721,2,3,1,orange
34.51423957,90.56151463,2,3,1,orange
32.71748548,90.54608254,2,3,1,orange
25.16296632,92.54736032,2,3,1,orange
27.68167318,94.47316879,2,3,1,orange
21.35093384,90.9492967,2,3,1,orange
11.69894639,93.25638873,2,3,1,orange
35.21462816,91.49725058,2,4,2,papaya
42.39413392,90.79028064,2,4,2,papaya
38.4191628,91.14220381,2,4,2,papaya
35.33294932,92.11508608,2,4,2,papaya
42.92325255,90.07600528,2,4,2,papaya
33.83508569,92.85470152,2,4,2,papaya
33.20258348,92.76437927,2,4,2,papaya
23.48546973,93.71043692,2,4,2,papaya
29.33710543,90.81781439,2,4,2,papaya
40.21199348,94.50766912,2,4,2,papaya
42.13473976,91.70445386,2,4,2,papaya
32.86316618,91.4618874,2,4,2,papaya
29.80744318,91.38048469,2,4,2,papaya
31.56213762,93.0484859,2,4,2,papaya
36.32268069,93.06134398,2,4,2,papaya
37.13165026,94.60761797,2,4,2,papaya
38.4418717,93.63739039,2,4,2,papaya
32.66160599,90.78931681,2,4,2,papaya
27.92765919,91.55594211,2,4,2,papaya
39.01793345,91.48815629,2,4,2,papaya
32.51247398,94.65904123,2,4,2,papaya
38.72382798,91.72514851,2,4,2,papaya
43.30204933,92.83405443,2,4,2,papaya
27.58548913,90.72526502,2,4,2,papaya
40.78881819,92.90951393,2,4,2,papaya
23.19451074,91.40301608,2,4,2,papaya
32.68067385,92.61715632,2,4,2,papaya
34.28879307,93.61082872,2,4,2,papaya
39.30050027,94.16193416,2,4,2,papaya
39.73149053,91.12220596,2,4,2,papaya
39.23342464,91.25589286,2,4,2,papaya
27.34734861,94.17756725,2,4,2,papaya
40.76998685,92.09278584,2,4,2,papaya
26.26559543,90.79668055,2,4,2,papaya
28.12971499,93.3210737,2,4,2,papaya
34.2804607,90.55561637,2,4,2,papaya
33.7960155,93.00754254,2,4,2,papaya
31.53243779,90.87394933,2,4,2,papaya
42.30495821,90.51431779,2,4,2,papaya
24.63676897,90.61964344,2,4,2,papaya
28.28222883,91.37059792,2,4,2,papaya
24.48620746,92.98254537,2,4,2,papaya
42.84609252,94.63548176,2,4,2,papaya
43.67549305,93.10887229,2,4,2,papaya
42.07213781,92.92203105,2,4,2,papaya
33.46873719,92.12746225,2,4,2,papaya
31.7018373,91.66232213,2,4,2,papaya
41.41968393,90.03863107,2,4,2,papaya
42.54744013,94.94482086,2,4,2,papaya
28.91842453,94.63676767,2,4,2,papaya
43.08022702,93.90305729,2,4,2,papaya
29.20300896,93.96834049,2,4,2,papaya
41.04224355,91.37258067,2,4,2,papaya
25.62446619,93.18240298,2,4,2,papaya
35.32876402,91.06138506,2,4,2,papaya
24.42561272,92.27749066,2,4,2,papaya
31.18298415,90.21646909,2,4,2,papaya
31.88342554,91.3256535,2,4,2,papaya
42.93368602,91.1756748,2,4,2,papaya
23.11407669,94.31994776,2,4,2,papaya
24.87212063,93.90560147,2,4,2,papaya
43.36051537,93.35191636,2,4,2,papaya
26.83054058,90.75379971,2,4,2,papaya
30.42012134,93.12659793,2,4,2,papaya
28.64555584,93.22642604,2,4,2,papaya
32.50037548,93.47888842,2,4,2,papaya
43.03714283,94.6428898,2,4,2,papaya
30.10773379,90.34546355,2,4,2,papaya
23.69212243,93.61055571,2,4,2,papaya
35.67667332,93.30641944,2,4,2,papaya
27.71948962,94.43877142,2,4,2,papaya
35.26824831,92.38282957,2,4,2,papaya
23.16855863,90.78821158,2,4,2,papaya
33.08706051,92.25197542,2,4,2,papaya
37.4620912,90.44967809,2,4,2,papaya
38.73218907,94.73613484,2,4,2,papaya
32.57720726,92.74889453,2,4,2,papaya
38.38231475,93.10378595,2,4,2,papaya
42.93605359,90.09448142,2,4,2,papaya
25.65492304,92.74501561,2,4,2,papaya
37.58899717,91.99740365,2,4,2,papaya
29.60718808,93.15642801,2,4,2,papaya
25.34756111,93.02871078,2,4,2,papaya
25.9300384,93.02357765,2,4,2,papaya
32.76795887,94.57377401,2,4,2,papaya
29.02328049,90.20396783,2,4,2,papaya
40.00439101,90.17015833,2,4,2,papaya
33.32315744,91.25271223,2,4,2,papaya
31.22790131,94.94021378,2,4,2,papaya
26.68386496,92.9585411,2,4,2,papaya
24.70528368,90.14732171,2,4,2,papaya
38.2016825,93.97379963,2,4,2,papaya
36.56769731,93.79503425,2,4,2,papaya
26.05375792,93.69111672,2,4,2,papaya
31.29986342,92.76039164,2,4,2,papaya
40.10207731,94.35110201,2,4,2,papaya
38.58954491,91.58076549,2,4,2,papaya
41.31330062,91.1508798,2,4,2,papaya
37.03551903,91.79430166,2,4,2,papaya
23.0124018,91.07355541,2,4,2,papaya
26.7627493,92.86056895,2,5,1,coconut
25.61294367,94.3138837,2,5,1,coconut
28.130115,95.64807631,2,5,1,coconut
25.02887163,91.53720922,2,5,1,coconut
27.79797651,99.64573002,2,5,1,coconut
29.25902906,95.11294697,2,5,1,coconut
27.10134661,93.69979946,2,5,1,coconut
25.84726298,90.92669463,2,5,1,coconut
26.58580443,90.98617591,2,5,1,coconut
28.38503882,99.18843684,2,5,1,coconut
28.43647052,91.81320717,2,5,1,coconut
28.27298134,96.93649473,2,5,1,coconut
27.00648436,96.46168931,2,5,1,coconut
27.63551259,99.34854917,2,5,1,coconut
26.29644905,99.65809151,2,5,1,coconut
27.1326009,95.23797989,2,5,1,coconut
25.56567803,97.61361544,2,5,1,coconut
25.94951662,93.40548703,2,5,1,coconut
28.03380598,95.01630593,2,5,1,coconut
29.12859129,91.30924833,2,5,1,coconut
27.0828252,97.00155491,2,5,1,coconut
28.11321494,90.01734526,2,5,1,coconut
27.5136304,94.18955816,2,5,1,coconut
27.63834933,95.48763389,2,5,1,coconut
29.01256899,94.01014388,2,5,1,coconut
26.58413917,95.78923137,2,5,1,coconut
28.28905147,97.00396405,2,5,1,coconut
28.69164799,96.65248672,2,5,1,coconut
29.70931288,96.30484325,2,5,1,coconut
27.14865285,96.66355213,2,5,1,coconut
29.28725038,91.95614918,2,5,1,coconut
25.06871967,93.31410447,2,5,1,coconut
26.92449525,91.20106019,2,5,1,coconut
28.27804288,93.64761266,2,5,1,coconut
29.18032562,92.73041222,2,5,1,coconut
28.3575072,91.64509299,2,5,1,coconut
29.38072512,93.27565685,2,5,1,coconut
25.39241091,98.08951196,2,5,1,coconut
26.31270635,98.62048026,2,5,1,coconut
29.52501367,91.91185319,2,5,1,coconut
28.83214859,92.17170353,2,5,1,coconut
28.48444906,97.76865458,2,5,1,coconut
28.74013335,93.39676499,2,5,1,coconut
25.00872392,95.59224018,2,5,1,coconut
29.8690834,91.14723422,2,5,1,coconut
27.54273211,94.59086121,2,5,1,coconut
26.52166434,98.38227669,2,5,1,coconut
25.03512351,95.89739958,2,5,1,coconut
29.20394909,95.66997327,2,5,1,coconut
27.05826457,91.10510371,2,5,1,coconut
26.18552389,96.96637916,2,5,1,coconut
27.59376845,92.48519606,2,5,1,coconut
25.76011662,94.65830608,2,5,1,coconut
28.87862994,95.11320315,2,5,1,coconut
26.50908611,94.48414544,2,5,1,coconut
26.87037587,91.72546257,2,5,1,coconut
27.57283516,94.90485697,2,5,1,coconut
28.05912437,98.3670985,2,5,1,coconut
29.51611558,92.56492864,2,5,1,coconut
28.96318258,95.16333673,2,5,1,coconut
25.09897688,92.36099489,2,5,1,coconut
27.1872282,92.19906776,2,5,1,coconut
29.03065024,90.79093862,2,5,1,coconut
27.754298,95.94643831,2,5,1,coconut
27.31155708,99.96906006,2,5,1,coconut
28.84270971,99.64328526,2,5,1,coconut
26.61423461,96.97300803,2,5,1,coconut
29.70143197,95.65754365,2,5,1,coconut
25.54759871,91.64194826,2,5,1,coconut
26.37978453,91.49882979,2,5,1,coconut
27.45907759,92.90736493,2,5,1,coconut
27.02269204,95.71935435,2,5,1,coconut
28.98545306,90.73966792,2,5,1,coconut
26.1055118,91.52421214,2,5,1,coconut
25.0707247,95.02156793,2,5,1,coconut
25.54963273,96.92786777,2,5,1,coconut
28.56973521,95.67906668,2,5,1,coconut
26.07010807,96.7036223,2,5,1,coconut
25.51791333,94.38420565,2,5,1,coconut
25.9490364,94.73860514,2,5,1,coconut
28.2974764,95.41122824,2,5,1,coconut
29.56549169,91.40896307,2,5,1,coconut
29.69952329,95.21224392,2,5,1,coconut
26.14162144,93.28415295,2,5,1,coconut
26.00175125,94.79998418,2,5,1,coconut
27.15116142,91.48889469,2,5,1,coconut
28.97318719,98.09861043,2,5,1,coconut
26.13958446,96.38580769,2,5,1,coconut
25.51618488,94.33465411,2,5,1,coconut
27.55821802,99.98187601,2,5,1,coconut
27.81132822,97.48410555,2,5,1,coconut
25.60033702,99.7240104,2,5,1,coconut
26.91641934,99.84671638,2,5,1,coconut
29.1797902,90.27214288,2,5,1,coconut
26.44600063,98.29937782,2,5,1,coconut
28.43572863,95.8840407,2,5,1,coconut
28.94099669,93.00109012,2,5,1,coconut
26.45488737,93.45042636,2,5,1,coconut
25.79490531,93.84150618,2,5,1,coconut
26.93141945,98.80313612,2,5,1,coconut
24.40228894,79.19732001,1,6,2,cotton
23.09595631,84.86275707,1,6,2,cotton
23.9656349,76.97696717,1,6,2,cotton
24.88738107,75.62137159,1,6,2,cotton
25.36243778,83.63276077,1,6,2,cotton
24.69457084,81.7358876,1,6,2,cotton
25.0017188,80.53965818,1,6,2,cotton
22.45942937,81.30681027,1,6,2,cotton
23.60564038,79.29573149,1,6,2,cotton
24.58453146,79.12404171,1,6,2,cotton
23.0865933,83.55546146,1,6,2,cotton
23.5000992,83.63488952,1,6,2,cotton
24.1472953,75.88298598,1,6,2,cotton
24.69315538,84.84422454,1,6,2,cotton
24.484692,84.44932014,1,6,2,cotton
24.49112609,82.24415809,1,6,2,cotton
23.47986888,81.73049149,1,6,2,cotton
24.18586246,76.04203958,1,6,2,cotton
25.00755095,78.17952126,1,6,2,cotton
25.99237426,77.0543546,1,6,2,cotton
23.66457347,81.69105088,1,6,2,cotton
25.66891439,81.38103349,1,6,2,cotton
22.04612876,84.62978302,1,6,2,cotton
22.4204752,84.55794703,1,6,2,cotton
25.03149561,82.21276599,1,6,2,cotton
23.53371386,77.21705554,1,6,2,cotton
22.77076388,82.5993307,1,6,2,cotton
25.49848236,79.9751579,1,6,2,cotton
25.248679,83.4630147,1,6,2,cotton
22.78249615,77.51235009,1,6,2,cotton
23.37044424,77.43198948,1,6,2,cotton
24.86560781,78.22080815,1,6,2,cotton
24.14386157,84.51591287,1,6,2,cotton
25.03300222,79.04368718,1,6,2,cotton
23.65724079,84.47601498,1,6,2,cotton
25.54359718,84.09229796,1,6,2,cotton
22.00085141,79.47270984,1,6,2,cotton
23.64328417,78.1258666,1,6,2,cotton
23.96436009,78.02763149,1,6,2,cotton
24.65425757,75.6350708,1,6,2,cotton
24.3017998,84.87668973,1,6,2,cotton
24.29144926,81.02453404,1,6,2,cotton
24.29470232,84.61527627,1,6,2,cotton
25.72180042,81.19666206,1,6,2,cotton
24.87663664,76.30050373,1,6,2,cotton
22.60612115,77.34264002,1,6,2,cotton
23.86814008,75.68339729,1,6,2,cotton
23.41022496,76.43836957,1,6,2,cotton
24.96440768,81.31677618,1,6,2,cotton
25.16820129,80.30351815,1,6,2,cotton
22.72767171,77.07598065,1,6,2,cotton
22.45145981,76.25674874,1,6,2,cotton
23.04920461,75.53835214,1,6,2,cotton
25.29250148,75.66653335,1,6,2,cotton
22.95604064,82.33733678,1,6,2,cotton
22.80213132,84.14668447,1,6,2,cotton
23.54234715,75.98203329,1,6,2,cotton
24.41212325,80.80343786,1,6,2,cotton
22.94276687,75.37170612,1,6,2,cotton
25.53676123,81.13668716,1,6,2,cotton
25.32023717,81.79475917,1,6,2,cotton
22.426733,81.53480799,1,6,2,cotton
25.78544484,75.00539324,1,6,2,cotton
25.68959532,77.90621048,1,6,2,cotton
22.14593688,82.8597549,1,6,2,cotton
25.07278712,82.50257909,1,6,2,cotton
22.21506982,76.17851932,1,6,2,cotton
23.9643129,76.59175937,1,6,2,cotton
25.40059227,76.53237965,1,6,2,cotton
23.7805123,83.03878838,1,6,2,cotton
24.16402322,76.7433897,1,6,2,cotton
25.31468463,77.91757121,1,6,2,cotton
22.60361557,80.3509046,1,6,2,cotton
22.9535715,78.71555832,1,6,2,cotton
22.74446976,80.41198458,1,6,2,cotton
23.80834611,83.91902605,1,6,2,cotton
25.46228792,81.56641891,1,6,2,cotton
25.96779712,81.97904282,1,6,2,cotton
25.5308271,80.04662756,1,6,2,cotton
24.43847399,81.69801729,1,6,2,cotton
23.03887865,76.47039772,1,6,2,cotton
23.51308653,76.72621429,1,6,2,cotton
22.75805656,76.75768356,1,6,2,cotton
24.71252544,77.7293114,1,6,2,cotton
23.45969093,82.44777468,1,6,2,cotton
25.5503704,77.85055621,1,6,2,cotton
22.08458267,82.82904143,1,6,2,cotton
24.68854799,78.51206972,1,6,2,cotton
25.84997269,84.16855231,1,6,2,cotton
22.46054478,75.40989245,1,6,2,cotton
23.65629976,77.52425987,1,6,2,cotton
22.00817088,81.83896111,1,6,2,cotton
24.32630461,80.13456404,1,6,2,cotton
22.92360984,82.68738535,1,6,2,cotton
23.43821725,78.63388824,1,6,2,cotton
22.10718988,78.58320116,1,6,2,cotton
23.03814028,76.11021529,1,6,2,cotton
24.54795322,75.39752705,1,6,2,cotton
23.73868041,75.77503808,1,6,2,cotton
22.31871914,83.86129998,1,6,2,cotton
25.52468965,72.24850829,2,1,2,jute
26.59104992,82.94164078,2,1,2,jute
25.29781791,86.8870535,2,1,2,jute
25.72100868,88.16513579,2,1,2,jute
23.58419277,72.00460848,2,1,2,jute
25.31042337,72.01364411,2,1,2,jute
23.41798979,85.08640476,2,1,2,jute
24.35564134,88.80391021,2,1,2,jute
26.284017,75.14640198,2,1,2,jute
25.13842773,83.12053888,2,1,2,jute
24.88692811,71.91711523,2,1,2,jute
25.75734909,88.36668522,2,1,2,jute
23.12844351,74.68322732,2,1,2,jute
24.9949957,88.95692783,2,1,2,jute
25.21622704,70.88259632,2,1,2,jute
24.39736241,79.26861738,2,1,2,jute
23.31410442,71.4509053,2,1,2,jute
25.72668885,81.86171563,2,1,2,jute
26.96656378,78.21047693,2,1,2,jute
23.70467146,74.63745355,2,1,2,jute
24.90075709,73.84186449,2,1,2,jute
23.39605743,72.60512854,2,1,2,jute
26.8748389,79.78725152,2,1,2,jute
23.1426498,74.99739774,2,1,2,jute
24.29496635,77.62976013,2,1,2,jute
24.39459498,89.89106506,2,1,2,jute
25.7629429,80.76238215,2,1,2,jute
25.4879684,84.48235878,2,1,2,jute
25.37122686,76.2403666,2,1,2,jute
26.21312799,81.70476368,2,1,2,jute
24.30748599,78.54340987,2,1,2,jute
23.76554749,87.98329901,2,1,2,jute
24.79853023,78.53037059,2,1,2,jute
23.20683504,74.09956958,2,1,2,jute
23.66805429,70.89000744,2,1,2,jute
25.12417673,85.72530641,2,1,2,jute
23.89069041,83.46409075,2,1,2,jute
23.09433785,81.45139295,2,1,2,jute
24.21744605,82.85284045,2,1,2,jute
24.06475727,71.31342851,2,1,2,jute
24.85441411,74.4407048,2,1,2,jute
26.41915161,76.85691248,2,1,2,jute
24.89326318,77.01222585,2,1,2,jute
23.25583402,82.7015932,2,1,2,jute
24.7634518,87.06071115,2,1,2,jute
24.97042599,78.62697699,2,1,2,jute
26.12797248,80.49172597,2,1,2,jute
25.97825807,81.65769588,2,1,2,jute
26.2830571,73.35763537,2,1,2,jute
26.38905406,83.31240346,2,1,2,jute
25.2746335,73.7459581,2,1,2,jute
23.09499564,78.45959697,2,1,2,jute
25.79351957,81.76904006,2,1,2,jute
23.17403323,87.88255345,2,1,2,jute
25.63215038,79.95150917,2,1,2,jute
25.848795,87.81661683,2,1,2,jute
26.56767277,80.90424543,2,1,2,jute
26.24532085,72.97198375,2,1,2,jute
26.91515043,73.19897535,2,1,2,jute
24.36972377,82.11319791,2,1,2,jute
25.71901283,79.15532398,2,1,2,jute
25.01157559,88.3313023,2,1,2,jute
25.40785911,76.44048625,2,1,2,jute
23.28081,74.27607475,2,1,2,jute
23.98651719,82.09053379,2,1,2,jute
24.48556447,83.20630007,2,1,2,jute
25.86705009,84.09985284,2,1,2,jute
23.5643831,79.46283115,2,1,2,jute
24.2248758,74.89465426,2,1,2,jute
25.49386782,86.97061481,2,1,2,jute
24.97178693,79.47557931,2,1,2,jute
24.80624984,82.09281674,2,1,2,jute
23.16814977,76.66724969,2,1,2,jute
24.25133493,89.86454053,2,1,2,jute
26.58361011,78.00774772,2,1,2,jute
26.82489244,78.20392774,2,1,2,jute
25.49674786,81.13449097,2,1,2,jute
24.09874353,80.57226761,2,1,2,jute
23.18866654,86.20899734,2,1,2,jute
26.24347471,78.51063754,2,1,2,jute
23.75091572,71.14782585,2,1,2,jute
26.13871511,79.1188943,2,1,2,jute
26.14576648,71.23690851,2,1,2,jute
26.91643698,73.48655995,2,1,2,jute
26.5232969,77.17331847,2,1,2,jute
23.81579631,80.94023552,2,1,2,jute
26.50838667,86.84264005,2,1,2,jute
26.63952463,70.95705996,2,1,2,jute
23.3250131,79.79609448,2,1,2,jute
26.47549543,73.96164569,2,1,2,jute
23.78756036,74.36794079,2,1,2,jute
25.49941707,75.99987588,2,1,2,jute
23.24925555,73.65346838,2,1,2,jute
26.98582182,89.05587886,2,1,2,jute
23.61475336,86.14290267,2,1,2,jute
23.87484465,86.79261344,2,1,2,jute
23.92887902,88.07112278,2,1,2,jute
24.81441246,81.68688879,2,1,2,jute
24.44743944,82.286484,2,1,2,jute
26.57421679,73.81994896,2,1,2,jute
26.33377983,57.36469955,1,5,2,coffee
26.45288458,55.32222678,1,5,2,coffee
25.70822684,52.88667115,1,5,2,coffee
24.12832546,56.18107663,1,5,2,coffee
23.44372334,60.39523266,1,5,2,coffee
23.4123707,52.26994674,1,5,2,coffee
23.05951896,50.40609436,1,5,2,coffee
23.07895447,63.65861483,1,5,2,coffee
27.6496114,51.11044023,1,5,2,coffee
25.46743689,69.35161206,1,5,2,coffee
26.7350622,55.55164819,1,5,2,coffee
26.20811417,52.50987966,1,5,2,coffee
27.0424167,57.27927475,1,5,2,coffee
24.65090184,51.93952357,1,5,2,coffee
27.35152643,55.99375012,1,5,2,coffee
25.17787724,62.26244581,1,5,2,coffee
23.11438731,68.00096043,1,5,2,coffee
27.22783677,52.95261751,1,5,2,coffee
23.26316991,60.5160021,1,5,2,coffee
25.234661,57.53161469,1,5,2,coffee
25.59535262,57.72920846,1,5,2,coffee
25.5674832,60.49244602,1,5,2,coffee
25.67324193,51.29043632,1,5,2,coffee
24.40726724,62.65692638,1,5,2,coffee
23.69287069,66.76090123,1,5,2,coffee
24.53460016,66.99765375,1,5,2,coffee
27.13140403,52.89368299,1,5,2,coffee
27.56088634,68.49299897,1,5,2,coffee
23.59302313,55.27564977,1,5,2,coffee
23.17714381,52.13864034,1,5,2,coffee
24.71384065,51.29142534,1,5,2,coffee
24.38534644,64.72543073,1,5,2,coffee
27.15998538,51.59100753,1,5,2,coffee
26.53543168,67.09608099,1,5,2,coffee
27.01207284,60.76645256,1,5,2,coffee
27.55906475,58.45742907,1,5,2,coffee
23.32293161,53.00366334,1,5,2,coffee
24.23850608,54.30329632,1,5,2,coffee
23.42611644,64.10651528,1,5,2,coffee
26.02241444,55.83288958,1,5,2,coffee
24.83846178,56.7685316,1,5,2,coffee
26.24092174,65.64381357,1,5,2,coffee
24.43011925,66.02411187,1,5,2,coffee
26.00373964,62.1445102,1,5,2,coffee
26.22367404,62.26594559,1,5,2,coffee
27.09617155,63.55324262,1,5,2,coffee
25.64004392,61.03273481,1,5,2,coffee
27.74576987,54.36976075,1,5,2,coffee
26.24928198,54.28617819,1,5,2,coffee
26.67377159,52.24226285,1,5,2,coffee
27.10210397,55.7497332,1,5,2,coffee
27.62975458,61.26002598,1,5,2,coffee
27.5364547,55.51673151,1,5,2,coffee
23.56960509,50.56339727,1,5,2,coffee
24.99451759,57.93250202,1,5,2,coffee
27.56441788,54.41094079,1,5,2,coffee
23.98143338,61.10935084,1,5,2,coffee
24.22984659,67.37768353,1,5,2,coffee
25.60153969,68.66257977,1,5,2,coffee
24.31274458,53.57285558,1,5,2,coffee
26.36629861,52.25738495,1,5,2,coffee
26.5602777,57.1621814,1,5,2,coffee
26.35034208,58.50650238,1,5,2,coffee
25.20406808,57.88370456,1,5,2,coffee
23.35723208,55.18792166,1,5,2,coffee
23.60567546,59.68849145,1,5,2,coffee
24.18471151,69.94807345,1,5,2,coffee
26.44414097,53.83876189,1,5,2,coffee
26.12492233,63.37479229,1,5,2,coffee
27.77363343,64.47858698,1,5,2,coffee
25.55656667,62.67087838,1,5,2,coffee
27.92374437,67.96910852,1,5,2,coffee
26.05968403,52.31098539,1,5,2,coffee
26.35770906,64.57578034,1,5,2,coffee
24.91370487,54.15319242,1,5,2,coffee
27.31317116,68.4233391,1,5,2,coffee
26.1387869,52.26311691,1,5,2,coffee
23.1069385,67.06230539,1,5,2,coffee
23.52648086,68.44030686,1,5,2,coffee
25.11711046,68.48030408,1,5,2,coffee
24.02952505,58.84880599,1,5,2,coffee
26.70897548,69.71184111,1,5,2,coffee
26.71717393,50.50148528,1,5,2,coffee
24.59245684,56.46829641,1,5,2,coffee
27.51006055,50.66687215,1,5,2,coffee
27.57847581,58.52534263,1,5,2,coffee
26.65069302,57.56695719,1,5,2,coffee
26.97251562,62.0183627,1,5,2,coffee
23.17124551,52.97841162,1,5,2,coffee
23.52652084,65.44340921,1,5,2,coffee
27.30901814,55.196224,1,5,2,coffee
27.54823036,62.88179198,1,5,2,coffee
25.627355,57.04151119,1,5,2,coffee
23.29250318,50.04557009,1,5,2,coffee
24.91461008,53.74144743,1,5,2,coffee
26.77463708,66.4132686,1,5,2,coffee
27.41711238,56.63636248,1,5,2,coffee
24.13179691,67.22512329,1,5,2,coffee
26.2724184,52.12739421,1,5,2,coffee
23.60301571,60.39647474,1,5,2,coffee
